author,likeCount,text,videoId
@hellochoihwajung,270,오늘은 벚꽃🌸뷰가 너무 예쁜 지호&호진 집에 다녀왔어요😊여전히 티격태격 재미있게 잘 살고 있더라구요.호진이가 해준 맛있는 음식도 먹고 딱 지호스러운 지호의 책도 선물 받았답니다.해야지~하면서 망설이는 분들께 동기부여가 되는 책인데 지호가 캔디 30분께 책 선물 드린대요😍댓글로 많이 응원해주세요~💕,Ld7jPMHMFBo
@roykong1209,5,어릴 때 호진이형과 화정이누나 매니져 했던 시절이 떠올라 기분이 너무 묘한 영상이네요. 세 분 모두 건강하고 멋진 모습 늘  응원하고 있습니다!! 누나  형&형수님 모두 지금보다 더 건강하고 행복하세요!!! ❤❤❤,Ld7jPMHMFBo
@green_tea_148,3,호진님 말투가 예전 서울말이 아직 남아있어서 그때 그 시절 드라마 본 거 같아요 ㅎㅎ 지호언니랑 화정언니 자연스럽게 예쁘게 익어가는 세월이 참 아름답습니다,Ld7jPMHMFBo
@김지영-p4p4m,2,예전 그 시절이 생각나네요 10년의 꾸준함을 담은 책도 만나고 싶군요. 지호님 가족 모두 행복하길 바래요~^^,Ld7jPMHMFBo
@신란이-z3i,1,세사람다.닮은꼴 멋진분들🦀,Ld7jPMHMFBo
@한상분-h4w,1,30년 우정 넘  부럽부럽 저에게도  지호님의  책을  받아볼수  있는  행운이  오길  기다립니다 오늘도  좋은 영상 잘봤어요,Ld7jPMHMFBo
@jaeee7010,1,안그래도 며칠전에 노래방에서 그후로오랫동안 부르는데 뮤비에 김지호님이 나오셔서 반가웠는데 여기서또보니 뮤비가 1994년이던데 어제찍으셨던것처럼 여전히 아름다우시네요👍🏻,Ld7jPMHMFBo
@gaeulbambi,1,아~주 예전 대학로에 연극보러 오신 호진님이랑 사진찍고 설레하던 그 때가 엊그제 같은데❤😊 두분 일케 행복하게 알콩달콩 사는모습 보니 좋아요,Ld7jPMHMFBo
@ranee7406,1,부부가 너무 보기좋아요 다정하시고 ㅎㅎ 지호님은 약간 저같고 호진님 제남편같으세요 ㅎㅎ,Ld7jPMHMFBo
@ejgongej,1,지호님 저랑 동갑이랍니다. 궁금했었는데 랫만에 유투브 에서 봐서 너무너무 반갑네요. 건강해보이는 표정과 이미지 나무 이쁘고 부러워요~ 저도 요즘 앞으로 10년후 계획을 세우던 차에 10년간 요가해온 지호님 요가생활 했다니 도움도 되고 책 너무 궁금하네요.. 앞으로도 쭉 아름다운 모습 기대할께요~~~~^^,Ld7jPMHMFBo
@한주희-i4z,1,두분 30년이 지나셨다니 믿어지지않게 젊고 싱그럽게 살고 계신거 같아요~너무 이쁘고 좋아보였어요 지호님의 요가책도 꼭 읽어보고싶어요 당청됐으면 좋겠네요 지금처럼 우정 변치않고 행복바이러스 뿌리면서 함께해주세요 캔디올림 ^^,Ld7jPMHMFBo
@io3107,1,화정언니 스커트 어디꺼일까요.,Ld7jPMHMFBo
@김영희-o3v9s,1,지호님의 시원시원하고 청량함이  넘치는 미소와 웃음소리가 요즘 힘든 저에게  힐링이 되었습니다.,Ld7jPMHMFBo
@hyungwoolee513,1,우와 지호배우님 정말 늙지를 않으시네요*_* 부부 닮은 깔끔한 집과 맛있는 밥+건강한 대화가 보는 내내 입가에 미소가 ㅋㅋㅋㅋ 멋진 자기관리 습관 가지고 있는 배우님의 요가이야기 너무 궁금해요🫣,Ld7jPMHMFBo
@김형진-i5r,1,와 호진님을 여기서 보다니 반갑네요 지효님 미모는 여전하네요^^,Ld7jPMHMFBo
@sec_arden_,1,기대없이 들어왔다가 되게 재밌게 봤음ㅋㅋㅋ,Ld7jPMHMFBo
@queensuper2814,1,영상속 지호님 화정님 밝고 능동적인 에너지가 뿜뿜합니다. 기운빡시받고 오늘도 달려봅니다🎉 . 꼭당청되고싶습니다!!!,Ld7jPMHMFBo
@22222랑,0,나도 별 기대없이 봤는데 재미있어. 집도 깔끔하고 김지호.김호진님 매력있네요,Ld7jPMHMFBo
@my.bonbon,0,김지호님 너무 좋아하는데 이렇게 책도 쓰셨다니 정말 더 멋지시네요! 시간이 흘러도 여전히 아니 더 아름다울 수 있다니요! 영상 보는 내내 즐거운 기분 가득이었어요 :) 😘💕,Ld7jPMHMFBo
@shalls6595,0,김지호씨 오랜만에 여기서 보니 좋네여😊  동갑내기라 화장이며 패션  많이 따라했답니다 ㅎㅎ,Ld7jPMHMFBo
@hangainisfree,4173,썸네일 뭐지 나도 이정도는 해야하는건가ㅠㅠ 찬미랑 나도 나중에 해외여행 가는 상상~ 근데 이제 많은 난관이 예상되는~~~  우리 채널 나와줘서 고마워 오늘 브이로그도 잘 보고 갑니다♡♡♡,45hKHD0yP5A
@초록봄329,4,현지님 피부가 모찌모찌,45hKHD0yP5A
@사랑을말해요,3,인급동의 그녀 ... ㅁㅊ,45hKHD0yP5A
@h_10-s3d,3,아 큰일낫다 일본 갈 예정인데 오키나와 가고싶어졌어..😅,45hKHD0yP5A
@sso_cute.boy.,3,26:39   '나를 오해하지 않을거라는 믿음에서 비롯되는 편안함이었다'   갑작스러운 내 눈물버튼,45hKHD0yP5A
@두둥-f5y,3,현지같은 사람이랑 여행하면 편할것 같아,45hKHD0yP5A
@userpomdgf,2,찰스가 PD임을 증명받는 구 같음.. 중간중간 일기 복선 나오고.. 마지막에 일기로 마무리하고.. 끝이 항상 찌르르함  대단한 재능,45hKHD0yP5A
@이수희-m3m,2,10:27 편지 안쓴다면서 고르는 손을 멈추지 않음ㅋㅋㅋ,45hKHD0yP5A
@숭이의채널,2,평화롭고 재밌어요 ㅠ 찰스&현지 할머니 되어서도 여행브이로구 줘.,45hKHD0yP5A
@체리-d7t,2,아진짜 어그로 장인... 밖이였는데 썸네일보고 얼른 폰 숨켰어욬ㅋㅋㅋㅋㅋㅋㅋㅋㅋㅋ,45hKHD0yP5A
@dy18l,2,잠만 나 지금 오키나완데 찰스 어디인게야 넘 두근거려,45hKHD0yP5A
@candypopteddybear,2,가끔 이렇게 아무것도 안 하는 여유 꼭 필요해!! 객식구 브이로그 제일 좋아해서 맨날 돌려보다가 여행 브이로그 떠서 너무 기쁘다🫶🏻 또 봐야지ㅎㅎ,45hKHD0yP5A
@mymaimemine,2,2:34 예수사마오 신지테쿠다사이,45hKHD0yP5A
@se_Ag_,2,13:56 수경마저 웃겨주는 영상이라니 감격스럽습니다,45hKHD0yP5A
@yiiiks,2,요 며칠간 찰스 새 영상이 필요했자나.. 잘 볼게요 사랑해❤,45hKHD0yP5A
@도화-u5v,2,현지님 되게 담임쌤으로는 만나본 적 없는데 사탕드리면 ‘ㅎ고마워~‘ 하고 받아가시고 허리춤에 스피커 차고 한손에 마이크 들고 나긋나긋하게 수업하시는 중학교 사회쌤 상,45hKHD0yP5A
@노유티비tv,1,오키나와 따라가볼까 했는데 먹는영상이 8할이네요 ㅠㅠㅋㅋㅋㅋ😂 ㅋㅋㅋㅋㅋㅋㅋ,45hKHD0yP5A
@mozzizzizzi,1,13:34 까마귀인줄,45hKHD0yP5A
@기영이-z4p,1,10:48 이거 호갱 당한거임 솔직히 8만원어치 먹지도 못함 말이 무한 리필이지 고기 1~3인분을 8만원에 판거나 마찬가지,45hKHD0yP5A
@kimcozy,1,진짜 찰스님한테 빠져서 몇 일 동안 영상 다 몰아보고 찰스 영상만 기다린 1인…,45hKHD0yP5A
@Aclassrani,371,엄마가 된 우리 현희의 새로운 모습 어떠신가요? 아주 반전매력이죠🫢😇 너무 소중한 내 동생 현희야 오늘 너무 고맙구 다음 집에도 꼭 초대해줘❤‍🔥💕,hcJ6DfeuEc0
@lovelyj9215,21,준범이 너무 예쁘게 잘생겼어요❤,hcJ6DfeuEc0
@hashaqyoo,18,영란언니  현희언니 두 분 다 너무 좋은 사람인 게 보이고 느껴져요❤,hcJ6DfeuEc0
@루루-k9b,11,10년동안 반찬해왘ㅋㅋㅋㅋㅋㅋㅋㅋㅋㅋㅋ진짜 캐미  ㅠㅠ💗,hcJ6DfeuEc0
@은희민-b9b,9,장영란님 리액션이 너무 좋으셔서 애기들 자존감 팍팍올려주심👍👍👍 준범이 넘 귀엽고  두엄마들 캐미가 장난아니유~~~,hcJ6DfeuEc0
@앵도-c9m,9,현희씨 복덩이 제이쓴  잘 만나거 같아요!😂🎉🎉😅🎉🎉😂😂❤❤,hcJ6DfeuEc0
@hunhunpli,8,천생연분도 이런 천생연분이 없다 정말... 부러운 부부 !!! 언젠가 내 마음도 현희이쓴 부부처럼 온전히 쓰여지길   ,hcJ6DfeuEc0
@올리브-s2v,7,현희언니 너무 웃겨 ㅋㅋㅋㅋㅋ 두분 자주 나와주세요 ㅋㅋㅋㅋ,hcJ6DfeuEc0
@클레어-j4q,6,남편 생각에 우는 현희씨.둘 너무 이쁜 부부 좋네요,hcJ6DfeuEc0
@박정각-i4e,5,사랑스런 준범이 엄마 훌륭해요 준범이도 너무 잘 커고있고 이쓴씨는 모 방송에 나오던데 진행도 잘 하고 의상이 매주 멋졌어요 준범이네 행복하세요 준범이 안녕❤❤❤❤❤❤❤,hcJ6DfeuEc0
@미래-r8z1c,5,홍현희씨 너무 수고 많았어요 압구정까지 진출했군요 착실하게 잘 살아가는 모습 훌륭합니다  계속 대박나세요~~^^,hcJ6DfeuEc0
@소후배,4,홍현희언닠ㅋㅋㄱ매력쩔어요 말투 ㅋㅋㅋㅋ마술사감투 싫다는데ㅋㅋㅋㅋㅋ준범이내쫓기 넘웃겨요😂😂😂,hcJ6DfeuEc0
@audxmrtnd-q2h,4,이제는 발음이 새거나 단어생각 안나서 저기저기 자막쓰는거 웃겨요😂😂,hcJ6DfeuEc0
@Limeandpistachio,4,나징짜 라니랑 혀니 조합이 최고좋아...🩵,hcJ6DfeuEc0
@everydayhday3952,4,이 둘 조합 너무 웃김 ㅋㅋㅋㅋ,hcJ6DfeuEc0
@푸루이-o9i,4,난현희님이 좋더라ᆢ,hcJ6DfeuEc0
@양심이똥,4,두분 넘사랑스러운 연예인❤준범아. 이모는 준범이 보러 왔어요~~~~!! 마술사 아니~~~라니깐~~~~~배꼽 답았오,hcJ6DfeuEc0
@Iamsunny_real,4,신혼 출발은 연남동빌라에서    천지개벽이다진짜      일반인은 두번태어나도 절대안됨  ,hcJ6DfeuEc0
@OXIBZ굿,3,마술사 준범이 장면 릴스 내주세욬ㅋㅋㅋㅋㅋㅋㅋㅋㅋㅋ,hcJ6DfeuEc0
@9ruru283,3,진짜 애기가 너무 예쁘다... 꺄꿍!! 건강하고 씩씩하게 아프지 말구 무럭무럭 자라서 아빠처럼 좋은 사람되요 ^^,hcJ6DfeuEc0
@daad-r3g,27,아 장하오 개웃기네 말투도 순해서 귀엽다,wMxeNpX-l48
@성민이-e2h,21,아 역시 찐덕후가 나와야 재밌음ㅋㅋㅋㅋㅋ,wMxeNpX-l48
@wintersoob,19,우와 인급동 4위다🎉❤,wMxeNpX-l48
@강아지차차-g8h,15,둘이 케미 ㄹㅈㅇ다,wMxeNpX-l48
@박장미-v9d,11,1:58 앙? ㅇㅡㅇ 5:04 광기 6:58 광기 7:22 귀엽다 7:42 냅다 고백 8:03 예뻐보이고 싶은 하오 8:21 수빈님 너무 귀여우시다.. 8:49 두리안에 대한 팬들 반응..ㅋㅜ 8:58 나 협박하네..ㅠ  9:25 광기 10:22 광기 11:00 말만 잘하네.. 11:46 서운함 12:11 성대모사 ㅋㅋㅋㅋㅋ 12:23 사실 복수였음..ㄷㄷ ㅋㅋㅋㅋ 12:53 서운함 13:10 진짜 미아내.. 👉👈 13:18 성대모사 ㅋㅋㅋㅋㅋ 13:36 서운함 13:56 이 사람들 대화가 이렇게 무해하고 귀여울 수 있는 것인가 14:06 어 쥔~짜 쥔쟈 보자!            쥔짜?! 14:11 구.두.계.약? 배운 거 열심히 써먹는 하오 ㅋㅋㅋ 14:13 한국어 실력에 놀란 수빈님 14:17 뿌듯해진 하오 14:24 ㅎr.. 힘들ㄷr..  14:28 두리안 전문의 14:45 광기 15:30 엉덩이.. 16:05 코가 마비된 수빈님 16:08 너 이제 어른이 슬슬 된 고야 16:27 호흡곤란 17:19 먹을 생각에 착잡한 수빈님과 그저 신난 두리안 덕후 17:28 너 가져가서 물 만들어 ㅋㅋㅋ 17:51 밑장빼기 18:08 그만 먹고 싶은데 계속 챙겨주는 할머니 바이브 18:16 내 거친 생각과 불안한 눈빛과 그걸 지켜보는 장하오 20:07 뼈 때리는 수빈님 22:39 다시 등장한 짱할머니 23:06 어른이 됐다 24:43 두리안 함량 99.9% 25:00 코딱지보다 작아악!! 용납할 수 없는 양심가게 사장님 25:17 엽사빵 26:27 내 쪽에 오지마라+ 창문 닦는 수빈님 27:25 귀엽다 27:32 어! 피자가 된다고! 28:00 너무 귀여워 28:22 피자에서 날 수 없는 냄새 28:35 ㄹㅈㅇ + 창문 닦는 수빈님 ㅋㅋ 29:42 승부욕이 불러온 이상한 플러팅 29:57 ㅋㅋㅋㅋㅋㅋㅋㅋㅋ 30:27 발뺌 31:13 나만 당할 순 없음 ㅋㅋㅋ 31:30 왼쪽 얼굴로 말하기 32:20 엽사빵ㅋㅋㅋ 밑에 자막도 웃김 ㅋㅋㅋㅋ,wMxeNpX-l48
@Yo_ooo2,11,1:59 앙?ㅇ_ㅇ 넘 귀여움ㅠㅠ,wMxeNpX-l48
@whatthepugjunior,11,와 ㅈㄴ재밋다,wMxeNpX-l48
@clover-ic2sw,9,🎉인급동 4위 축하해🎉 어쩐지 너무 재미있더라,wMxeNpX-l48
@kachiine995,7,the topic is really interesting.. hao prepared a lot for this presentation and even doing open up durian show with his bare hand.. thank you soobin for trying to eat this food prepared by hao although you dont really favour it.. appreciate so much your kindness ❤  hope to see more of zhang hao and soobin,wMxeNpX-l48
@dbdnElrkddkEl,6,장하오 때문에 두리안 먹어보고 싶어짐ㅋㅋ,wMxeNpX-l48
@假期张,6,너무 웃겨요 ㅋㅋㅋ,wMxeNpX-l48
@제이-c8z,5,이날 아침촬영해서 붓기안빠졌어도 이해해달라더니 무슨붓기가 있다는거지 수빈님 너무 잘생기셨는데요ㅋㅋㅋ,wMxeNpX-l48
@Bgl3_13,5,수빈이 반응 너무웃김 ㅋㅋㅋㅋㅋㅋㅋㅋㅋㅋㅋㅋㅋㅋㅋㅋㅋㅋㅋㅋㅋㅋ욱우웍으욱우웍웍 … 수고햇다 수빈아,wMxeNpX-l48
@marem0725,5,zhang hao and soobin are so cute and fun together,wMxeNpX-l48
@숩뇽,5,인동 4위 ㅋㅋㅋㅋ 오늘도 너무 재밌었고 다음주 이사배편은 인동 1위 (조심스럽게) 가서 수빈이 얼굴 더 많이 알리고 국내 개인광고도 한번 찍는 날이 왔으면! 수빈이는 어디든 좀 나오면 항상 반응좋아서,wMxeNpX-l48
@glitterksn5116,5,their chemistry is soooo insane i loved this episode so much,wMxeNpX-l48
@영원할꿈들,5,근데 진심 진짜 두리안 맛있는 거 먹으면 입안에서 사르르르 녹아요.... 그 대신 너무 복불복...  태국 10월 중순에 먹은 두리안 잊지 못해...,wMxeNpX-l48
@lovey_lub,5,아이고 숩인아ㅋㅋ넘 기엽다  하오님도 너무 재밌으시고 케미 최고👍🏻,wMxeNpX-l48
@ssssf9806,5,인동 4위다 ㅋㅋㅋㅋㅋㅋㅋㅋㅋㅋ,wMxeNpX-l48
@ghh6214,4,수빈이 귀엽네 ㅋㅋㅋㅋㅋ,wMxeNpX-l48
@TheBebemom,11,Am I the only one that realise her talents and charm is way much more than Lisa? Nobody else agree?,cdeKX7cs-r0
@nexno.1,6,Who wanna rock with JENNIE,cdeKX7cs-r0
@리리-p3e,6,제니 최고야❤❤❤❤,cdeKX7cs-r0
@Cheng-r7w,5,@@Coachella please upload ZEN too,cdeKX7cs-r0
@bishbish7656,4,The AURA she hold ommgg 🔥,cdeKX7cs-r0
@Princesssjasmin-s3p,3,JENNIE IS ICONIC FOR THIS ONE!!!! LEGIT THIS WHOLE SET/PREFORMANCE WAS FIRE!!!! LOVE YOU !!! HAIL QUEEN JENNIE SUPREMACY!!!!,cdeKX7cs-r0
@젠젠-j7z,3,Đăng ZEN với F.T.S đi ạ 😢,cdeKX7cs-r0
@GgBb-g2u,3,Jennie on stage is a different genre,cdeKX7cs-r0
@jehanlimbona,2,Jennie have 1.9M views in 1day without intro and 1 song Lisa have 1.6M views in 1day with the intro and 2 songs I'm not comparing them (check it out),cdeKX7cs-r0
@wooq34,2,와우 자랑스럽다 제니 🎉🎉🎉🎉🎉,cdeKX7cs-r0
@Pinkfire-pi12g,2,0:50 Who's favorite part?🔥❤️‍🔥🙌,cdeKX7cs-r0
@LisaNur,2,I'm sorry but why aren't people dancing or do something like that?! like everyone's busy with  recording????,cdeKX7cs-r0
@youyon4584,2,Where's Xg perform????😢,cdeKX7cs-r0
@zahraaalshemmery6366,2,Let's go to 2m,cdeKX7cs-r0
@Hermajestyjnk,2,2M SOON,cdeKX7cs-r0
@andrianaina1147,2,Rasa ingin ketemu jennie semakin meningkat,cdeKX7cs-r0
@homegrowngnome,2,How narcissistic is it to make a song about yourself smh,cdeKX7cs-r0
@AdorableJenJen,2,ZEN & FTS in one video pls!,cdeKX7cs-r0
@Dondurma-e5u,2,Jennnie en güzelini yaptı cidden,cdeKX7cs-r0
@AdorableJenJen,2,2M soon! In next 1 hr? Keep watching guys!,cdeKX7cs-r0
@JS-fj7jo,2,궁금했는데 오랜만에 반가운 소식이네요^^ 더 큰 사랑으로 많은 냥이를 돌봐주며 치유하는 두 사람의 모습이 너무 아름다워요 핀이 기뻐할 거 같네요 바루와 두 분 영원히 행복하기를~~❤,mkqrLBDYJlk
@Zzzsh-9393,2,잘지내고 있다는게 고마워서 출근길에 눈물 흘리는 중    ,mkqrLBDYJlk
@김정연-l5m,2,이렇게 다시보게되어 기쁩니다^^ 아름답네요  하나님도 경은님도... 그리고 감사해요 울이쁜 아가들도 사랑해주셔서 보는 내내 가슴벅찼네요 이쁜맘  응원합니다♡,mkqrLBDYJlk
@쀏쀒,2,07:14 예뻐서 소리질렀ㅇㅓ요,mkqrLBDYJlk
@제로-p9m,1,이겨낼 거라고 생각했어요… 경니와 하나니까..근데 이렇게 이겨낼 줄은 몰랐네… 항상 내 예상을 깨고 더 멋지게 빛나는 언니들이에요…,mkqrLBDYJlk
@puppysm,1,사랑의 형태가 모두 이렇다면 난 백 번도 할 수 있어,mkqrLBDYJlk
@꼬맹예지-d5t,1,다시 돌아오기만을 기다렸는데 건강하게 웃으면서 돌아오셔서 정말 기뻐요! 이젠 울음없이 행복하고 건강하게 지내시기를 멀리서 응원할게요*^^* 🙏😊😍🥰🖤,mkqrLBDYJlk
@hxm033,1,나 이 여자들이 매일 매일 행복했으면 좋겟어… 사랑해 단하나……🍥🤍,mkqrLBDYJlk
@안소-q3t,1,ㅠㅠ기다렸어요,mkqrLBDYJlk
@미연-t2i,1,고마워요 돌아와줘서 건강한모습이여서 보고싶었어요 감사해요 아프지않아서 또 고마워요,mkqrLBDYJlk
@민정-c6f7n,1,ㅠㅠㅠㅠㅠ잘지내고있어서 다행이예요,mkqrLBDYJlk
@1_monent,1,불과 며칠전에 생각나서 채널 들렀었는데 업뎃없어서 기다렸는데 새영상이 띠용 올라왔네요 ㅎㅎ 아픔을 겪고나서 냥이들 봉사 다니면서 극복하고 있는거 너무 좋네요 ㅠ,mkqrLBDYJlk
@sodwjd,1,그나저나 11분부터 나오는 노래 제목아시는분 ?ㅜㅜㅜㅜ 너무 조아서요 진짜 ㅜㅜㅜ 취향저격 노래선곡도 나랑 통해서  다나나를 더 조아함,mkqrLBDYJlk
@루카쓰-x2e,1,두분 다 건강하세요,mkqrLBDYJlk
@닉통통,1,우앙 돌아와따 ㅎㅎㅎ 편집툴 뭐쓰시는지 궁금해용..!!,mkqrLBDYJlk
@yul_s27,1,진짜 하루도 안 빠지고 매일 기다렸어요 돌아와줘서 너무 고마워요,mkqrLBDYJlk
@나효-e1u,1,분명히 슬픈 영상이 아닌데 난 울어버렸다..그냥 다 행복해져라 얍🌈✨,mkqrLBDYJlk
@Unjuk_10heixbqo,1,앙아ㅡㅏ아아아ㅏㅏㅏㅜㅜㅠㅜㅠㅜㅜㅜㅠㅜㅠㅜㅠㅜ 언니들..너무 보고싶었어요….ㅜㅜㅜㅜㅜ 충격이 컸을텐데 그럼에도 불구하고 돌아와줘서 고마워요 진짜진짜 고마워요ㅜㅜㅜㅜㅜ,mkqrLBDYJlk
@su.9050,1,언니들이 진심으로 행복했으면 좋겠어요,mkqrLBDYJlk
@lunch-hurt,1,언니들 인급동!      축하행🎉🎉,mkqrLBDYJlk
@CharlesEnter,2149,가인언니 너무 편하고 즐거운 시간 함께 보내줘서 넘 감사합니다❤❤❤❤,vI62VjzA_xs
@김부각-o8x,6,가인님이 되게 편하게 이야기 잘 이끌어나가줘서 찰스님도 편하게 찐텐으로 해서 넘 웃겨요ㅋㅋㅋㅋㅋ두 분 다 좋은 사람이라는 게 너무 보이는 영상이라 좋네요ㅎㅎ잘 맞는 두 분 진짜 종종 만나는 사이가 됐으면😆😆,vI62VjzA_xs
@Masittacamp,5,ㅋㅋㅋㅋ승헌쓰랑 찰스 미는 한가인이라니ㅋㅋㅋㅋㅋ,vI62VjzA_xs
@앗차거-f7b,5,ㄹㅇ 케미 좋다 ㅋㅋㄱㅋㅋ,vI62VjzA_xs
@제나-x8918,5,시간 가는 줄도 모르고 재밌게 봤어요 ㅋㅋㅋ  팝업스토어도 꼭 가볼게요!!💛,vI62VjzA_xs
@syp-j4l,4,가인님 팝업스토어 성공 기원합니다~~!!! 저도 꼭 가볼게요~~❤❤,vI62VjzA_xs
@moong-seo,3,너무 방송같을 거 같아서 볼까말까 고민했는데.. 그냥 나도 저기 같이 앉아있는 느낌이라 좋다… … . ..,vI62VjzA_xs
@야옹00,3,찰스 나오는 건 다 찾아봄 ❤❤❤,vI62VjzA_xs
@p-q2354,2,승헌쓰랑 절대 그런 사이 아니라고 철벽 치는데도 아랑곳 않고 강경하게 미는 모습이 마치 명절 어른들 같은데 한가인님도 이런 모습이 있네 유튜브 아니었음 1도 몰랐을 건데 ㅋㅋㅋㅋ,vI62VjzA_xs
@Jin004er,2,소개글에 모태솔로 유튜버라고 적는 거 왜이리 웃기냐 ㅋㅋㅋㅋ,vI62VjzA_xs
@Animal_mandu,2,너무너무너무 사랑스러워....❤,vI62VjzA_xs
@리리리자로시작하는말,2,약간 작은고모(?)작은이모(?)랑 조카성인되서 데리고 나가서 노는느낌ㅋㅋㅋㅋㅋㅋㅋㅋㅋㅋㅋㅌㅌㅌㅋㅋㅋㅋㅋㅋㅋㅋ개웃기다,vI62VjzA_xs
@user-wq4fc5ms7j,2,하 두여자 노는데 왜이리 좋아….,vI62VjzA_xs
@realb1ue,1,와 정말.. 스킵 하나 없이 너무 재밌게 봤어요.. 자주 자주 만나서 영상 올려주시면 안 되나요? 컨텐츠라 생각 마시고 그냥.. 소소한 브이로그로 제발요 ㅠㅠ 두 분 너무 잘 맞아서 보는 내내 잇몸 마를 정도로 웃었어요,vI62VjzA_xs
@다슬-y6z,1,찰스언니 ㄹㅇ 슈스야,vI62VjzA_xs
@jaxxxxxxxxx,1,와~~~ 3학년 때  담임 선생님이셨는데 머리가 많이 하얘지셨네요 ㅠㅜ (한가인 씨보다 1년 선배 ㅎㅎ)  건강해 보이셔서 그래도 좋네요~~ 좋은 선생님이셨어요~ 사모님이 반 전체 햄버거도 싸서 돌리시고 ㅎㅎ 선생님 영화 시나리오 쓰셨었는데 꿈을 이루셨나요~? 박치기 국어 선생님 수학 선생님들 다 돌아가셨대서 너무 놀랐었는데...선생님 건강하고 행복하세요~😊,vI62VjzA_xs
@eunha5982,1,와 진짜 이 조합 느좋....❤ 이렇게 유잼일수가,vI62VjzA_xs
@거북이-x9b,1,찰스 귀여워,vI62VjzA_xs
@tlyst-j7x,1,이 조합 좋다,vI62VjzA_xs
@퐝야퐝야,1,14:54 찬미님이 카메라도 들고있고 너무 자연스럽게 진행을 잘해서  찰스채널에 한가인님이 나오신거 같애요 ㅋㅋㅋㅋㅋㅋㅋㅋ,vI62VjzA_xs
@윤경화-e5g4e,3,안 그래도 궁금했었는데 유튜브 나오셔서 좋습니다 ❤,_9Aiy7fOrEs
@와이키키-b5c,2,뭔가 판도라의 상자가 열린듯한 ㅎㅎ 소영님의 유투브라 우와 100만되면 그분도 혹시??😮 기대된다 😊 극 j 생일상 잼나는데용 ㅋㅋ 뭔가 j의 모습이긴 한데 우당탕탕 모습을 보면서 컨텐츠로 극p의 하루로 살아보기라던지 극p의 친구와 떠나는 무계획여행도 재밌을거 같아요 ㅋㅋㅋㅋ 머리아파 누우실수도 ㅋㅋㅋ소품샵이라던지 맛집공개도 기대됩니다. 오늘 보여주신 클레오파트라 소금 사보려구용 ❤,_9Aiy7fOrEs
@윤-r3w7n,2,소영님 옷방 궁금해요😂😍🥹워너비라서 패션 궁금ㅋㅋ쇼핑 하는거 궁금 다 보고싶어요☺️ 댓글 쓴거 수정하려다 다시 댓달아요 말도잘하고 재밋고😂 털털한 성격 좋고 좋은아내 엄마 다 잘하는 고여신 일상 잘보고 또 보고 고마워요🥰👏🥲,_9Aiy7fOrEs
@ytyoutubeytalt,2,고소영 배우님이 유튜브를 시작하신다는 소식에… 정말 한참이나 설레었어요! 💖🌿✨ 언제나 신비로운 분위기로 제 마음속 ‘우아함’의 아이콘이셨는데  이제는 화면 너머로 배우님의 일상과 생각을 가까이에서 만날 수 있다니— 너무 기대돼요! 🎥💭💫  👀 보고 싶은 콘텐츠는요—  🎬 작품 활동의 비하인드 스토리! 작품 에피소드 중에 어려웠던 연기 기억나는 연기 그리고 함께한 배우분들  감독님과의 에피소드까지! 🎭🎞️ 이야기를 듣는 순간  팬으로서 너무나 뜻깊고 감동일 거예요 💘🎀  👗 배우님만의 패션과 공간에 대한 감각  ✈️ 여행지에서의 잔잔한 하루  나만의 추천 여행지 즐겨찾는 호텔  🧘‍♀️ 몸과 마음을 건강하게 가꾸는 루틴까지— 완전 동안에 건강하신 배우님의 삶의 결이 묻어나는 이야기들이라면 하루하루가 더 깊고 아름답게 느껴질 것 같아요 🌷🌿☁️  그리고요… 앞치마!! 꼭 받고 싶어요요요요 💛🍳👗 요리할 때 배우님의 우아한 분위기를 한 스푼 더할 수 있다면  주방에서 안나올것 같아요 ㅎㅎㅎ 🥹💫💫  진심을 꾹꾹 눌러 담아  이 댓글 남깁니다 💌🙏💖 꼭꼭 당첨되길… 손모아 소원빌어요 🛐✨🎁🌟  💐👑🌈🎬💕,_9Aiy7fOrEs
@보라크림-y3h,2,저도 소영님이랑 비슷한 연령대인데 지금 연령대의 피부관리또는 패션에 대해서 알려주셨으면 좋겠어요,_9Aiy7fOrEs
@우재제,2,봄이니 캠핑가셔서 봄기운받으심이어떨까요~ (캠핑먹방^^)❤,_9Aiy7fOrEs
@ejseo0610,2,유튜브 보면서 가장 편견을 깨준 배우같아요!  도도한 고양이 느낌의 배우였는데 세상 친근하고 귀엽고 챙겨주고 싶어지는 ㅎㅎㅎㅎ  요리하시는분  청소하시는 분 다 따로 있을거 같았는데 직접 요리를 저리 다 한다니 세상 신기하고 재밌어요!!   저도 덜렁이는 파워J인데 ㅋㅋㅋ  (덜렁이는 파워J 인정하시죠? ㅋㅋㅋ)  너무 제 모습 보는거 같아요 ㅎㅎㅎ   다음 콘텐츠는 주부 고소영의 일상 - 좋아하는 살림템  애들 잘 챙겨주는 간식  혼자 집에 있을떄 뭐하는지? - 예전에 접시에 반찬 이것저것 올려놓고 드시는거 같은 ㅎㅎㅎㅎㅎ    유튜브 시작해서 너무 반갑고 좋습니당 ^^,_9Aiy7fOrEs
@최고음색,1,밥반찬 먹을게 갈비뿐? ㅋ이쁜상차림이네,_9Aiy7fOrEs
@수영안-g6v,1,이쁜 고소영도 찐 살람꾼이구나,_9Aiy7fOrEs
@가정집동화,1,누가 소영언니 이쁜 수첩 좀 선물해주세요 ㅋㅋㅋ 우편봉투 귀퉁이에 웬열,_9Aiy7fOrEs
@강효금-x6k,1,고소영씨 너무 궁금했는데 이렇게 유튜브로보니 반가웠어요~살림도 잘하시고 음식도 잘하시네요^^,_9Aiy7fOrEs
@minihe,1,오..이거보구 우리신랑생일상해조야지...과연가능할랑가..,_9Aiy7fOrEs
@김규동-t6g,1,2:20,_9Aiy7fOrEs
@대박인생-x1q,1,살다살다 고소영 언니 유튭을 다 보게 될 줄이야~너무 신박해서 아껴 보고 싶을 정도에요~동시대를 살아가는 영광을 주셔서 감사합니다.앞으로도 늘 응원합니다♡ 다음 편도 벌써 기대됩니다.소영 언니 화이팅!!!,_9Aiy7fOrEs
@부지런쟁이하니,1,유튜버로 보는 소영님에 리얼한 모습이  무엇으로던지 편안함이 묻어 나오는것 같습니다 화려하지만 소소한 정이 또 정성들이 듬뿍 담긴 주방물건들 앞으로 올라올  소영님의 유투버가 저만 궁금해지는게 아닐것 같습니다~~ 😊,_9Aiy7fOrEs
@바오럽-m3r,1,갓소영    그 자체 🩷 언니의 럭셔리템    언니의 최애 살림템    언니의 스킨케어법    언니의 100가지 Q&A    언니의 신발장 😁 언니의 국내여행    언니의 가장 인간다운 정말 인간 고소영 그 자체를 자주 뵙고 싶네요 ♥️♥️ 너무 설레요 🥹,_9Aiy7fOrEs
@여래불.임선영,1,우와 와인잔 햐… 소리 듣자 말자 놀랬음,_9Aiy7fOrEs
@im-dr4hs,1,살림을 재미있게 사시는것 같아요!!!!,_9Aiy7fOrEs
@빛나는억억소녀,1,유트브 시작하셨단 소식듣고 구독해요~ 예쁜 살림템&요리. 관심 많아서 느무느무 재밌어요~ 간단한듯 센스있는 손님초대상 늘 고민인데 한수 배웠어요 😀👌 다음편도 기대할게요❤❤,_9Aiy7fOrEs
@뽀동-q9z,1,털털하신 모습이 옆집에 사는 언니보는줄 알았어욬ㅋㅋㅋㅋ예쁜사람은 나이들어도 우아하게 예쁘세여 미모 무슨일이여 고소young이여 생일상 준비로 나왔던 그릇들만 봐도 언니 취향 물씬 ~ 집인테리어가 너무 궁금해져여 다음영상은 인테리어 템들 소개해주시면 재밌을꺼 같아요!,_9Aiy7fOrEs
@maddy_0316,250,폭싹에선 양관식 사빠죄에선 학씨 현실에선 그냥 은명이ㅋㅋㅋㅋㅋㅋ,VrZMcWxtHCE
@maddy_0316,95,아이유랑 박보검도 말도 안되게 잘했지만 우리를 제일 많이 울린건 중년 관식이를 연기한 박해준이였지 우리 부모님들을 너무 잘 표현함,VrZMcWxtHCE
@Cali-fp1xi,94,솔직함이 좋네요 부모님 여유있으면 자식 밀어주고 도움주는거죠.  우리가 너무 힘든 시절겪고 성공한 스토리만 듣다보니.. 오히려 반전같은 느낌 ㅋㅋ 보통의 유복한 환경에서 잘 살아오셨네요.  정직과 솔직함이 매력있어요!!,VrZMcWxtHCE
@jjmangolee4047,92,참다가 전세 얘기할 때 빵터짐.. ㅋㅋㅋㅋㅋ 부채의식 있는데 비주얼이 넘 좋으심 ㅋㅋㅋ,VrZMcWxtHCE
@유튜브찍고싶은잼민,79,해준님 온실 속 화초셨네ㅋㅋ 근데정말 꼬인것도없으셔 ㅋㅋㅋㅋ,VrZMcWxtHCE
@율Leo-h4t,66,사랑받고 자란 막둥이 ㅋㅋ,VrZMcWxtHCE
@camijhjj3811,42,정말 솔직하시고 꾸밈없으셔서 더 맘에 들었어요. 허세라고는 1도 없는 분이 연기에 얼마나 열정적으로 집중하시는지....멋지심!,VrZMcWxtHCE
@_panda_4737,22,핑계고에서 뵙고싶다ㅋㅋㅋㅋ유재석이 좋아하는 타격감 좋은 착한형 느낌ㅋㅋㅋㅋ,VrZMcWxtHCE
@swk3440,22,사연없는게 더 멋지네요. 꼭 연예인이라고 다 개천의 용일필요는 없잖아요. 신선하네요. 본인을 꾸미지 않는게 진짜 멋진거 같아요.,VrZMcWxtHCE
@kyjelblue,18,아... 진짜 너무 솔직하고 착하시다... 뭐랄까 구김없으신거 같고... 해맑고 겸손하면서 착하시네.  제 또래신데... 연이 생기면 가깝게 지내고 싶을 만큼 ㅋㅋㅋ 아유 알고나면 호감상이시네... ㅋㅋ,VrZMcWxtHCE
@maddy_0316,15,근면성실 자수성가 이미지였는데 그냥 부잣집 철부지 막내아들이였넼ㅋㅋㅋㅋㅋㅋㅋㅋㅋㅋㅋㅋ,VrZMcWxtHCE
@yuny7750,14,사랑이 죄는 아니잖아로 뒷목 잡게 하시더니 국민 남편 국민 아버지로 ㅋㅋㅋ 연기의 스펙트럼이 아주👍,VrZMcWxtHCE
@Gokongsun2,14,솔직해서 더좋다 ㅋㅋㅋㅋㅋㅋ 유재석이랑 티키타카 너무재밌ㅋㅋㅋㅋㅋㅋㅋ,VrZMcWxtHCE
@HyerimOh-i6q,14,금수저이심ㅋㅋㅋ❤,VrZMcWxtHCE
@__-to3us,12,이참에 주연작 많이 찍으시고 정우성롤 다 해드시면 좋겠다. 외모 피지컬 연기력 뭐 하나 밀릴 게 없고 투샷보면 비율도 더 좋으시던데.. 성격은 말할 것도 없고 뭐. 현 50대 남배우 중에 저 정도 인물 없음,VrZMcWxtHCE
@samson-niyo-wild-tiger,11,박해준 형 우리집이 좀 잘 살아요라는 말을 아주 완곡하게 하시네 ㅋㅋㅋ 유복하게 자란 티가 나네요 ㅋㅋ 부럽다,VrZMcWxtHCE
@jialee9727,11,박해준씨 나이가 들어서 그렇지 미생때까지만해도 진짜 개잘생긴 배우로 다 사람들이 생각했음. 박보검에 비할만 함 충분히,VrZMcWxtHCE
@오유자-d1e,9,"누가뭐래도 내가족 내가 지킨다"너무 감동입니다,VrZMcWxtHCE
@ilovejuoh,7,사람이 진짜 순둥하네 🎉,VrZMcWxtHCE
@ilovejuoh,7,저 잘생긴 왜모로 젊을때 크게 안뜨고.. 그 열심히 세월을 성실히 사시고 지금 큰빛 보시네요,VrZMcWxtHCE
@SBSKPOP,355,순간뽀짝 PICK 매력뽀인트  00:26 직접 구매한 멋쟁이 선글라스 03:55 서울숲 게임짱이 떠오르는 NCT 가풍 04:45 압도적 꼬질함  05:55 압도적 뻔뻔함 10:24 전설의 시작 (뻔뻔) 니 키링 내 키링  12:44 왠지 중요해보이는 인형(복선) 18:56 방송국것들의 공포를 알아버린 사쿠야 23:14 도게자 24:43 요코하마에서 온 고양이 27:00 이 졸업곰돌이가 사쿠야 키링 2기로 입학했다는 소식  —————-  Snap!Cuteness CHARM POINTS  00:26 Sunglasses he bought himself  03:55 NCT family traits (feat. Seoul Forest Game Master CHENLE)  04:45 Ultimate scruffiness  05:55 Ultimate Audacity  10:24 The start of the legendary <Your Keyring My Kering> 12:44 Dunno why  but this doll seems important  18:56 SAKUYA  us broadcasters don't play around  23:14 "DO-GE-ZA" (Click to see what it is LOL) 24:43 Kitty kitty from Yokohama  27:00 This graduation teddy enrolled as SAKUYA's Keyring Class 2,EGyjrqEzR7k
@heejilly0729,3,진짜 존나 귀엽네,EGyjrqEzR7k
@minibin-t4h,3,The staff was having so much fun playing with Sakuya 😂 he is so loved 🩷,EGyjrqEzR7k
@Djdjdjkff,2,귀여움에 묻힌 잘생김,EGyjrqEzR7k
@y-p3s,2,아너무귀엽고…..재밋고….웃기고..사쿠야참잘햇어요♥♥,EGyjrqEzR7k
@Wishforour,2,사쿠 볼수록 만화캐릭터 같음 ㅋㅋㅋㅋㅋㅋㅋㅋㅋㅋ 귀엽고 신기한 녀석,EGyjrqEzR7k
@쿵쿵따-q4p,2,와 인급동 올랐네 사쿠빵!!!!!!,EGyjrqEzR7k
@코코몽-m9o,2,너무잘생겼어요내천사아기기니빵,EGyjrqEzR7k
@bearsung,2,9:27 이게 이 코너에서 유일한 대본 멘트라는게 개웃김 그렇담 이 전체가 제작진과 사쿠야의 즉석 티키타카라고요?ㅠㅠㅠ,EGyjrqEzR7k
@blue_blue_blue,2,사쿠빵 분명 아가빵이었는데.. 1년 사이에 으른빵이 되어버렸어… 아기 볼살 어디갔어 밥먹어ㅠㅠ,EGyjrqEzR7k
@킹받는다,2,04:56 아니... 난 분홍 팝츄 다음 회색 위츄 새로 나온줄 알았따 사쿠야                   아니 위츄가 흑츄가 되다니       ㅠㅠㅠ,EGyjrqEzR7k
@leemhe,2,13:01 ㅋㅋㅋㅋㅋㅋㅋㅋㅋㅋㅋㅋ 키링택을 안떼는이유: 귀찮아서. 이거 너무 나임,EGyjrqEzR7k
@fskffjdfjkn,2,26:28 중국산이라 그래… 사쿠야ㅋㅋ 중국에서 산거만 중국어로 적혀있는줄 알았나바ㅎㅎ,EGyjrqEzR7k
@cherry-noya,1,넘 웃기다 ㅋㅋㅋㅋ 울사쿠빵 열심히 놀았구낭 ㅎㅎㅎ 그와중에 브금 나루호도 네 ㅋㅋㅋㅋㅋ,EGyjrqEzR7k
@Boohitboohit,1,피디쓰앵님 저 위츄 하나만 주세여,EGyjrqEzR7k
@ren4438,1,나는 사쿠야의 열쇠고리를 사랑해...그들은 그가 자기 자신이 될 수 있도록 해야 해 사쿠야는 네가 원하는 만큼 많은 열쇠고리를 가지고 있어 우리는 그들을 사랑해!🥺🥰🥰😍,EGyjrqEzR7k
@Boohitboohit,1,아니 사쿠야 이거 왜케 잘생김,EGyjrqEzR7k
@sion511,1,우리 막내 인동도 들고 기특해❤❤❤,EGyjrqEzR7k
@묭-n4v,1,1:12 너무 아파,EGyjrqEzR7k
@そうちゃん-e9t,1,さくぱんってほんとにかわいくておもしろくて魅力がいっぱいな子🥺🥺,EGyjrqEzR7k
@FifiK-n6x,3,Wait can someone tell admin to upload LH  handlebars  zen  and FTS for me please 😂😂,2ry2yHEZqZw
@mariselalizarraga4902,3,México te ama Jennie ❤️‍🔥🇲🇽,2ry2yHEZqZw
@MichelleBonilla-v7e,2,COACHELLA WE NEED MORE PERFORMANCES HERE!!,2ry2yHEZqZw
@Nada77411,2,STREAM it!!,2ry2yHEZqZw
@dtcoco,2,PLEASE GIVE US JENNIES ALL SHOW,2ry2yHEZqZw
@dtcoco,2,QUEEN OF KPOP,2ry2yHEZqZw
@Anastasia-m3l,2,Queen Jennie ❤,2ry2yHEZqZw
@MarK-hn1sz,2,jennie has amazing vocal  perfect visual  and all her solo song are amazing...but one thing she's lacking is stamina. girl need to practice more,2ry2yHEZqZw
@MarcoGarciaGomez-n5b,2,she is iconic,2ry2yHEZqZw
@xoxo-s4r,2,AR is doing all the singing 😂 Even Lady Gaga dances  but she never did it like this.,2ry2yHEZqZw
@highonhope9369,1,She has something so unique…I don’t like the overuse of the word aura but she just has it,2ry2yHEZqZw
@taetae_130.,1,mantra song performance please?,2ry2yHEZqZw
@zahraaalshemmery6366,1,899k,2ry2yHEZqZw
@UmmeHasnat-z3v,1,Wow....jennie❤❤❤❤❤,2ry2yHEZqZw
@ZonaReceh24,1,Aku sungguh sangat menantikan setiap performance jennie 🔥🔥,2ry2yHEZqZw
@여시방망이제니,1,Where is a "ZEN" ???,2ry2yHEZqZw
@MichelleBonilla-v7e,1,MORE JENNIE PERFORMANCES PLEASE!,2ry2yHEZqZw
@bappagazi4994,1,She is not hot she is global warming 🔥🔥🔥🔥🔥🔥🔥🔥,2ry2yHEZqZw
@DianaHernández-b1f,1,🤠🤠🤠🤠❤️‍🔥❤️‍🔥❤️‍🔥✨✨☺️✨🫶🏻🫶🏻🫶🏻,2ry2yHEZqZw
@DianaHernández-b1f,1,Iconic JENNIE 🫶🏻✨✨❤️‍🔥❤️‍🔥❤️‍🔥😊,2ry2yHEZqZw
@I9X_전용_NEW_딸슐랭,2896,*세화의 등장이 또 다른 흥미진진한 이야기를 만들어낼 것 같네요!*,t1k1SkEOe74
@INTaevinP,5,30만 통천군단덕에 인급동갔쪄❤,t1k1SkEOe74
@headskater,4,냉부에서는 가장 촐랑대는 김풍님이 이 영상에서는 제일 지쳐있음 ㅋㅋㅋ,t1k1SkEOe74
@오리꽥꽥-q5c,4,나만 통천 귀여움?,t1k1SkEOe74
@luvget2on,3,통천 살 얘기밖에 없네 귀엽고 푸근하니 카페하기 딱좋은 인상인데 살빼라고 염병 좀 그만해 ㅗ,t1k1SkEOe74
@user-vi7my,3,22:34 말하지 않아도 들리는 '알았어알았어~'ㅋㅋㅋㅋㅋㅋㅋ 전무님 화이팅!!!ㅋㅋㅋㅋㅋㅋㅋ,t1k1SkEOe74
@user-vi7my,3,0:57 눈치 보고 쫄아있는 거 알아봐주는 혈육이라니,t1k1SkEOe74
@user-yy1hx4xu9k,3,이모할머니는 언제쯤 웃으실까,t1k1SkEOe74
@W.T.F.7777,3,조회수 치트키다..ㅋㅋㅋㅋ,t1k1SkEOe74
@박종권-v9n,3,아니 치킨 파는 집 이름에 통풍이 들어가면 어떡해..... ㅋㅋㅋㅋㅋㅋ 닭 먹고 있는데 통풍이 웬말이야..,t1k1SkEOe74
@lazyeasyfijigame5139,3,치트키 + 치트키의 치트키 + 치트키의 치트키의 치트키 ㅋㅋㅋㅋㅋㅋㅋㅋㅋㅋㅋㅋㅋㅋㅋㅋㅋㅋㅋㅋㅋㅋㅋㅋ 무친 ㅋㅋㅋ 아니 ㅋㅋㅋ ㅋ 평생 죽일듯 싸워도 팀웍 하나는 미치는게 남매 ㅋㅋㅋㅋㅋㅋㅋㅋㅋㅋㅋㅋㅋㅋㅋㅋㅋㅋㅋㅋㅋㅋㅋㅋㅋㅋㅋㅋㅋㅋㅋㅋㅋㅋㅋㅋㅋㅋㅋㅋㅋㅋㅋㅋㅋㅋㅋㅋㅋㅋ,t1k1SkEOe74
@kimkim111126,3,통천이 방송을 참 잘해 😂,t1k1SkEOe74
@밤톨도톨-k1s,3,귀여워❤,t1k1SkEOe74
@희율-o1h,3,18:16 전무님은 진짜 엔터테이너   !,t1k1SkEOe74
@funplace25,2,통풍 조합 미쳤다 ㅋㅋ,t1k1SkEOe74
@문도현-k1c,2,좌익치킨 실화냐 ㅋㅋㅋ 싫어요찍고 갑니다,t1k1SkEOe74
@호이짝99-1,2,침착맨 춤 왜케 잘춤 ㅋㅋㅋ,t1k1SkEOe74
@wooapple4963,2,피해의식 반응 개웃기네 ㅋㅋㅋ  싸인이랑 팬 유무 질문 멘트에 데미지 받네,t1k1SkEOe74
@user-vs6le4xo9p,2,22:35 나루토춤ㅋㅋㅋㅋㅋㅋㅋㅋㅋㅋㅋㅋㅋㅋㅋㅋㅋㅋㅋㅋㅋㅋㅋ 28:12 알나...호우!ㅋㅋㅋㅋㅋㅋㅋㅋㅋㅋㅋㅋㅋㅋㅋㅋㅋㅋㅋㅋㅋㅋㅋㅋㅋㅋㅋㅋ 28:57 나는! 나는! 저 팔계! ㅋㅋㅋㅋㅋㅋㅋㅋㅋㅋㅋㅋㅋㅋㅋㅋㅋㅋㅋㅋㅋㅋ,t1k1SkEOe74
@jinsk5704,2,영상 다 안봐도 벌써재밌음 ㅋㅋ 이 조합 좋은데?,t1k1SkEOe74
@김용화-r3l,18,골떄녀 파일럿부터 지금까지 단 한 회차도 안 빠지고 본 사람인데 개인적으로 정혜인 씨는 정말 피나는 노력을 한 거 같습니다. 보통 타고난 피지컬  타고난 재능이 없는 사람이 저 정도로 하려면 정말 많은 연습과 스스로의 공부가 없이는 안 되는 건데  정혜인 씨는 그걸 해 냈다고 봅니다.  그 뒤로 실력이 쭉쭉 늘다가 전전 시즌부터 실력이 잠깐 정체된 시기가 있었지만 이젠 스스로를 더 끌어 올리기 시작했어요. 물론 박하얀 박지안등 움직임 보면 기본적으로 타고난 느낌도 있지만 타고난 사람이 아닌 정혜인 씨 같은 사람 보면 참 흐뭇합니다. 초창기 때는 이현이 씨도 그런 느낌을 받았고요.,gzEn0i79dY4
@INtTJJ,11,다 잘했는데 박하얀 진짜 골 욕심 안부리고 자기역할 너무 잘하더라 👏  프로선수같음,gzEn0i79dY4
@user_K_only1,4,혜컴🧡 가장 빛나는 나의 별🤩,gzEn0i79dY4
@김슈퍼-r5l,4,서기를 뺀거는 신의한수네요    ,gzEn0i79dY4
@으뜸-32,3,평등성도 안 받고 한국 7 일본 3 경기 해서 2:3 으로 겨우 이긴거  좋음?  솔직히 일본팀이 더 잘해 보임. 나만 일본팀 응원한게 한둘이 아니네 ㅋ 홈 .어웨이 도 아니고  한일전 이라면  한국/일본 가서 해야지   한일전 앞으로 하지 말자 ! 골때녀 진짜 욕 엄청 욕 먹기 싫으면.,gzEn0i79dY4
@근당-b6x,3,서기뺐다고 이영표 빼라고 난리드만 오늘경기보니까 이영표가 맞는거 같음,gzEn0i79dY4
@genie3818,3,허경희 최고,gzEn0i79dY4
@김태은-d7g,3,키썸 마음이 너무 멋지심~~,gzEn0i79dY4
@가보1122,2,이유정 완전 팬 입니다 넘 ❤❤❤❤❤  ❤❤❤❤,gzEn0i79dY4
@parkigsky,2,4:20 심으뜸이 몸싸움에 능하다라.. 손은 정말 많이 쓰긴 하더라.. 요코야마랑 팔짱까지 끼던데 ㅋㅋ 박하얀처럼 어깨 쓰라고 가르칠 생각은 안 들었나??,gzEn0i79dY4
@T.E.Lawrence,2,한일전 재밌게 봤어요. 역시 국가를 대표하는 팀이니 열정적으로 하는군요.. 이시이 선수...경의를 표합니다. 정말 대단해요. 월클의 캐시를 보는듯.. 마시마  요코야마  두 선수는 구력이 증명하듯 넘사벽이군요.. 각자 역할에 맞게 최선을 다해 팀플레이 하니 너무 보기 좋았어요. 국가를 떠나서 시청자들에게 큰 기쁨을 준 모든 선수들에게 박수를 보냅니다..대단하세요. 아장아장 걷던 때가 엊그제같은데 벌써 4년?이 흐르고 다들 성장해있군요.  "노력은 배신하지 않는다" 이 말을 했던 사오리의 말이 그들의 모습을 대변하는듯 합니다..,gzEn0i79dY4
@yongillshin9538,2,진검승부에서 피지컬의 중요성을 확인할수 있었던 경기였고  모두 잘했지만 일본과의 오랜 구력차이를 단기간에 따라잡고 균형을 맞출수 있었던건 박하얀의 안정적인 조율 덕분이었다고 생각되네요. 6강 토너먼트에서 마시마유와 박하얀의 대결이 벌써 기대가 됩니다.,gzEn0i79dY4
@NawockctgsjN,2,혜인❤,gzEn0i79dY4
@해밀-y7f,2,지난번 경기와의 차이점 심으뜸의 유무,gzEn0i79dY4
@김deuvf,2,정혜인의 터닝후 슛팅 최고로 멋졌어요!!♡,gzEn0i79dY4
@왕코마,2,박지안이도 투지는 어후~ 장난아니던데?,gzEn0i79dY4
@왕코마,2,정혜인은 지금당장 여자국대로 뽑아도 손색이 없을거 가튼데?,gzEn0i79dY4
@Car-Koong,2,심으뜸 선수님 뛰는 동안은 공이 우리쪽으로 잘 넘어오지 않았어요. 심으뜸 선수님의 전방압박이 승리를 견인했어요.,gzEn0i79dY4
@알베르카뮈-i7i,1,3주는 하지말자,gzEn0i79dY4
@qwert2793,1,요코야마 진짜 멋있음 경기끝나고 요코야마 플레이만 생각남,gzEn0i79dY4
@findyourKODE,1585,01:40 🥛우유가 긴장을 푸는 법 (?!) 03:34 카떤남자가 짝사랑 할 때💗 04:14 아봉이 벌써 애가 셋인 EU👶🏻 08:25 🇯🇵일본인 상대로 탈룰라 하는 그   11:28 OO로 가득한 우유의 장바구니💋 13:13 최애가 나라고 말하지마..(간절)💦 14:45 (나랑)사커 보이 보실게요⚽  17:00 [정체공개] 귀여워서 더는 못보겠다🙂‍↔🙂‍↔,HGqJ8zvH8l4
@시온-h2g,39,지금 거짓말안하고 10번넘게보고있어요. 그만보는법 알려주세요.,HGqJ8zvH8l4
@조켄냥,33,나온지 이틀된 연프 조회수 80만 넘은 거 실화냐 진심은 언제 어디서나 통한다,HGqJ8zvH8l4
@세린-n8h,25,이거 백만 가겠다ㅋㅋㅋㅋ 일단 나부터 지금 7번째 보는중,HGqJ8zvH8l4
@Yyiwnwjak,21,아랍두부는 과학이다,HGqJ8zvH8l4
@내별_yushi,19,카이님 존재 자체가 감사한 우시 ㅠㅠ,HGqJ8zvH8l4
@jjm0_0-r9o,19,유우시 자네…. 너무 귀여운 생물이었잖아…?,HGqJ8zvH8l4
@潘偉辰-s2j,17,유우시랑 카이 조합 진짜 찰떡ㅠㅠ 영상 10번 넘게 돌려봤어요… 유우시 표정 하나하나 다 소중해요 좋아하는 선배 만난 유우시 너무 귀엽고🥺🥺🥲 말도 잘 못 하는 모습에 심장 녹았어요ㅠㅠㅠㅠ 진짜 팬으로서 같이 울고 웃고… 유우시 싸인 폴라 꼭 받고 싶어요!! 제발 저 주세요 플리즈~~!! 🍀🍀  #셀폰코드 #셀폰코드_카이유우시,HGqJ8zvH8l4
@아옹-gg7,15,이 채널 보면서 설렌 적 없는데 왜 이 둘은 설레냐 ㅋㅋㅋㅋㅋㅋㅋㅋ,HGqJ8zvH8l4
@liviayumi9933,14,럭키 엑소엘 유우시 함께와 카이 선배님 🥺🥺🥺 엔시티위시 'poppop'하고 카이 'Wait on Me' 화이팅!,HGqJ8zvH8l4
@heyyou2834,13,거짓말 안치고 지금 10번째 본다❤❤,HGqJ8zvH8l4
@bacbq421,12,유우시야 ㅋㅋㅋㅋㅋ너무 귀여워,HGqJ8zvH8l4
@heyyou2834,11,존재만으로 감사하다는 뜻을 저렇게 순수하고 무해하게 표현하다니ㅠㅠㅠ 유우시 늠나 사랑스럽다ㅠㅠ 엔시티위시 이번앨범활동 대박나자💚💚,HGqJ8zvH8l4
@rururu5886,11,하…몇번 봐도 귀엽다…..ㅠㅠㅠㅠ,HGqJ8zvH8l4
@サ00,11,もう内容覚えちゃうぐらい見返し続けててエグい、可愛すぎる,HGqJ8zvH8l4
@IDONT_NOoO,11,아 진짜 윳시…귀여워죽겐네..🌼,HGqJ8zvH8l4
@alisonmuniz1,10,omggg they will be sharing stage in a few days (SMTOWN in Mexico City) and I'll be there to see them interacting with my own eyesss 😭😭,HGqJ8zvH8l4
@namedmyselflea,10,Yushi is the cutest kai fanboy I've ever seen...so adorable,HGqJ8zvH8l4
@ganglioside,9,17:18 여기 유우시 표정 너무 궁금해요ㅜㅜㅜ 최애 앞에서 뚝딱거리는 고양이 너무 귀여운데🥹,HGqJ8zvH8l4
@랑-jgcdsfh,9,상대가 누군진 몰라도 '응 나는 엑소를 좋아해'를 시전하는 유우시 너무 귀여워서 만두뿌심.. 유우시는 성인이 되어 우상을 만났는데도 우상 앞에서 여전히 아기같아서 난 셀폰코드 보는내내 부힛부힛함 🥹 카이선배님과 아기엑소엘 유우시의 만남 그거 정말 아름다운 거였네 💚,HGqJ8zvH8l4
@neo-uz8br,24,미국친구가 제일 좋아하는 아이돌 채원 만화에서 나온것같이 찐귀엽다고 좋아함,ZLG9fJuRR9A
@Kangpyung134,15,또본다 너무 귀엽게생김,ZLG9fJuRR9A
@ENHA_illies,14,사람이 어떻게 이렇게 귀엽고 사랑스럽지...🥹💕,ZLG9fJuRR9A
@물사조-c5m,12,진짜 성격좋은 게 티난다 되게 행복하게 사는 사람 얼굴임,ZLG9fJuRR9A
@1962bss,11,김채원은 러블리 그자체인듯❤,ZLG9fJuRR9A
@미크슨,11,김채원 왤케 예쁨?,ZLG9fJuRR9A
@쵸븅,10,채원이 예쁘당ㅋ,ZLG9fJuRR9A
@hehehe-g8t,9,역대딱대중 제일 웃김 ㅋㅋㅋㅋㅋ,ZLG9fJuRR9A
@shl3910,8,찐팬인데 컴백한지도 모르고 언제돌아오실거냐고 물어보면서 맥임ㅋㅋㅋㅋ채원 정색하는거 그저 귀여움,ZLG9fJuRR9A
@플로버어엉,7,연기 넘 잘한다 ㅋㅋㅋㅋㅋ❤❤❤,ZLG9fJuRR9A
@osm8527,7,아이돌교과서❤,ZLG9fJuRR9A
@달빛제이크,7,르세라핌 흥해라,ZLG9fJuRR9A
@justforab1278,7,Haters keep barking in the comments,ZLG9fJuRR9A
@justforab1278,7,Our funny chaewon,ZLG9fJuRR9A
@p0rsche2400,7,진짜적당히이뻐라,ZLG9fJuRR9A
@390러,6,김채원은 사람이 어쩜 저렇게 귀여울까,ZLG9fJuRR9A
@쉽빠빠,6,16:30 편집 ㅅㅂㅋㅋㅋㅋㅋㅋㅋㅋㅋㅋㅋㅋ,ZLG9fJuRR9A
@유피스2-e7m,6,김채원 기여워,ZLG9fJuRR9A
@song_7757,6,이 편 간만에 레전드네 ㅋㅋ,ZLG9fJuRR9A
@evnnebasedoor,6,she's SO PRETTY,ZLG9fJuRR9A
@enjoycouple,839,소식이 너무 뜸해서 미안해요 여러분ㅜㅜ  준비하면서 여러 어려움 때문에 힘들어서 이렇게 즐겁게 촬영할수 있는날이  계속 미뤄졌어요~!! 다시 힘내서 잘 헤쳐나가는 모습 보여드릴테니 많은 응원부탁드려요~! 일요일에 만나요♡ 그리고 스님의주례사 개정판이 있더라구요! 단종됐었는데 수정합니다! 부부  커플관계 고민이신분들 꼭 추천합니다❤ Sorry for being so quiet lately  everyone… There were a lot of challenges during this preparation  so the days when we could film with joy kept getting delayed. But we’re back on our feet and ready to move forward again! Please keep cheering us on~ See you on Sunday!,xNd8Utx1NaM
@cloud9_S2,161,호르몬제 하나만 맞아도 몸 컨디션이 확 달라지고 불편해지는데 그걸 수십개 씩 꽂아서 여자 몸을 혹사시키는 건데 아가를 바란다면 남편이 정신 차리고 핸드백처럼 구세요… 울리지 말고……,xNd8Utx1NaM
@galtwof,117,민수님은 라라님이 얼마나 힘든지 헤아지리못할만큼 몸이 힘들어요 임신전부터 너만예민한게아니라고 다툴정도면 딩크가 나을수도있어요.. 라라님만큼 민수님도 진정 원하는게맞는지 고민해보시는게좋을것같아요.. 너무간절하면 그렇게 다툴수가없는데..애낳으면 몇배로 더 힘듭니다..정신적으로나 육체적으로 안도와주시면 신생아때 정말정말힘듭니다..도와준다는 표현도 아쉽네요 모든걸 주체적으로 해주세요..,xNd8Utx1NaM
@얌냠-r2z,93,여러분 민수님이 장난 치시는 이유가 라라님 분위기를 풀어주고 싶어서 나름 자기가 가장 잘하는 걸 시도하는 것 같아요. 물론 그게 에너지 자체가 낮아진 상대에게는 버거울 수 있다는 것도 알구요. 그런데 두 분 다 타인의 슬픔을 잘 알아채기 때문에 사람을 웃게하는 일을 하신거라고 생각하거든요. 그만큼 자신의 슬픔은 숨기고요. 어디까지나 우린 잘 모르지만 민수님께서 많이 힘든데 버텨주신거니 너무 장난 그만쳐라 세게 말하진 말아주시면 좋겠어요 😢,xNd8Utx1NaM
@그린가-m8x,30,나는 진짜 라라님이 원해서 하는 임신이었으면 좋겠다... 그리고 민수님듀 임신 관련해서 공부 하셨으면 좋겠네? 영상 보니까 라라님만 공부하신 느낌,xNd8Utx1NaM
@user-yv2oj1gj9b,23,기왕이면 자연임신이 좋긴한데.. 시험관이 여자몸에 그렇게 안좋대요 라라님이 원하시는 거니 자연이든 시험관이든 성공하시길 바라지만 너무 스트레스받진 않으시길..😢,xNd8Utx1NaM
@HohuangLee,17,제주도 촬영하실 때 사진촬영 부탁드렸던 때가 엊그제 같은데 시간 빠르네요 ㅎㅎ 저는 올해 만 30세인데 난임판정 받고 인공수정 6회  시험관 3회 (시험관 할 때마다 난자채취 해야하는 케이스라 난자채취도 3번) 하면서 1년 1개월이 훌쩍 지난 상태에요 지금은 잠시 쉬고 있는데 고작 2개월 쉬었는데 너무 행복해요 말 하지 않아도 라라님이 어땠을지 너무 공감되고 위로해주고 싶고 맘이 아프네요 시험관 과정 중에도 어려운 일 많이 겪을 거고 호르몬 변화로 사람의 몸이 이렇게까지 붓고 무거워질 수 있구나  내가 이렇게까지 못생겨보일 수가 있구나 무너질 때도 있을 거에요 심지어 유산경험 있으신 분들 너무 죄송하지만 ‘유산이라도 임신이 되어본 사람들이 너무 부러워’ ‘유산이라도 해보고 싶어’ 하고 남편 앞에서 펑펑 운 적도 많아요 그럴 때마다 되새겨야해요  아이를 갖기로 결정했고 나는 노력 중이다  내가 지금 무너진다고 다음 시험관 준비 안 할 거 아니고 또 같은 루트를 밟아야하는데 화내고 짜증내서 뭐하나  어차피 내가 결정한 내가 해야 할 일이다... 이렇게 생각하다보면 익숙해지고 결국 시험관도 평범한 일이 되더라구요 저도 아직 성공하지 못한 사람이라 그냥... 같이 힘 내자는 말밖에 못 하겠네요 🙂 힘내요  같이 힘내고 민수님한테 시험관 과정을 ‘내가 진료실에서 어떤 자세로 어떤 진료를 받았고 어떤 약을 어떤 이유로 처방해주신다고 했는지’ 등등 세세하게 알려주세요 남자들은 모르잖아요 아는 만큼 공감하고 잘해주더라고요 서로 많이 공유하면 더 좋은 관계로 더 좋은 일을 준비할 수 있을 거라고 믿어요 ❤😊,xNd8Utx1NaM
@줴제,16,라라님 완전 아들맘상인게 너무 조급해하지 않으셔도 준비될 때쯤 아기천사가 올 것 같아여      몸 건강히 원하는 바 잘 이루시길 바랍니다 화이팅,xNd8Utx1NaM
@howwowhow,14,딩크이던 라라님은 엄마될준비가 100%됐는데 민수님은 아직 아빠될 준비가 전혀 안된것같아요 임신준비중에도 안져주다니요.. 임신이 되고 출산과 육아가 진행되면 모체는 지금보다 훨씬 예민하고 힘든건데 그때되면 저절로 져주실수있나요? 글쎄요.. 저렇게 아~무것도 모르는 남편이 무슨 아빠를 꿈꾸시는지,xNd8Utx1NaM
@ey09151,12,무조건적으로 라라님 응원~ 민수님 이영역은 욕심내지마시고 더더더 라라님께 굽혀살아야해요ㅠㅠ라라님 힘든 시간일텐데 화이팅입니다~!!,xNd8Utx1NaM
@헬로-h9v,9,5:24 민수님 '아기낳는만화' 웹툰 추천드려요,xNd8Utx1NaM
@fbkwiesn24837,8,에휴 여자가 진짜 아깝다,xNd8Utx1NaM
@밀데렐라꼰듀님,7,헐 진짜 민수 왜저럼?,xNd8Utx1NaM
@ssspersta-jr8dy,6,와 저랑 너무 똑같아요 병원에서 날짜 받아와서 열심히😅하고 조심해야되는 기간에 일도 많고 아무래도 예민해지는데 남편이 제 말 하나하나에 똑같이 예민해서 엄청크게 싸우고 착상 실패하고ㅡ이게 한 5번 됐었어요 이해를 못하더라구요….. 진짜 울고불고 그러다가 3년이 지났는데 그기간에 백번말해서 남편 이해시키고 본인도 애기가 쉽게 생기지 않는게 피부로 와닿고  시험관 시작하면서 주사 맞는거보고 (사실 이때까지만해도 예민함이 완전히 사라지지 않앗음)  3차만에 임신 하고나서 입덧 하는거 보니까 제가 너무 고생한다 느꼈는지 드디어 이해를 하더라고요… 지금은 세상 다정하고 잘챙겨주는 남편입니다 ㅜㅜ 저한테 성질꺾고 져주느라 머리에 땜빵이 생기긴했지만ㅋㅋ 마음으로 진정 본인이 느끼고 철들었어요 민수님 성품상 아마 언젠간 꼭 좋은 남편 자상한 남편이 될거라 믿어요..!!!,xNd8Utx1NaM
@그린가-m8x,6,뭔...난 이해가 안 가네..,xNd8Utx1NaM
@이재혁-k6l,6,엥 만 35로 절대 안보이는데 나이듣고 깜짝놀랐네,xNd8Utx1NaM
@DanjjakBubu,6,오래전부터 봐왔던 팬으로서 진심으로 응원하고 힘을 전합니다..!🙏🏻 저희부부도 원인불명 난임으로 3년동안 여러차례 배란유도  인공 3차  시험관 5차만에 임신을 하게 되었는데요. 정말 포기하고싶고 무너지는 때도 있었지만  결국엔 아기천사가 찾아와 주더라구요.  한참 시도할때는 맘편해야 생긴다  부부 사이가 너무 좋아서 그런다 등등.. 물론 위로의 말이었겠지만 이런 말들이 참 와닿진 않았었어요ㅠㅠ 직접 겪어보지 않으면 절대 헤아릴수없는 영역이라고 조심스레 생각합니다.  라라님 몸도 마음도 너무 힘드실텐데  너무 늦지 않게 예쁜 아가천사가 찾아오기를 진심으로 응원하고 또 바라겠습니다!!🙇🏻‍♀️❤️,xNd8Utx1NaM
@신사임니당-w2y,5,이미 30대 중반부터 노산임. 여자들이 아무리ㅡ부정해도 이건 사실임,xNd8Utx1NaM
@깡얼쥐-r9f,5,솔직히 임신하면 몸만 망가지는게 아니라 정신적으로도 많이 힘들어집니다.. 무조건 여자의견이 중요!!! 라라님이 등떠밀려서 아기갖는게 아닌 진짜진짜 원해서였으면 좋겠어요ㅠㅜ,xNd8Utx1NaM
@ssspersta-jr8dy,4,지금 라라님 마인드가 너무 좋은것같아요 애기 꼭 올것같습니다 저도 시험관 으로 가졌어요 남편이 고생한거 알아줄거고 더 어른이 될거에요 믿어 의심치 않아요,xNd8Utx1NaM
@77l44,94,스엠이 위시에 거는 기대가 큰 것 같음 ㅋㅋㅋ 모든 요소가 느좋임,f8sRbKyPnZE
@user-seonmee,23,코디님 일 왤케 잘하는 거임??매번 ㄹㅈㄷ,f8sRbKyPnZE
@hammmmmmmmmm.,22,솔직히 레모네이드 톡톡 입속에 팝  블록사이 고인 빗물이 팝 하면서 우다다 쏟는 부분 쾌감있음,f8sRbKyPnZE
@em7016,17,本当にみんな歌もダンスも上手だよね。コンセプト消化力がピカイチだと思う。今度も楽しみ😊,f8sRbKyPnZE
@네네-s5k,16,미친거다 우시야…예뻐요 잘생겼어요,f8sRbKyPnZE
@시루집사냥,15,생각보다 센터 잘 나눠놨네 감사해용 ~~~~ 다들 너무 이쁘다,f8sRbKyPnZE
@김밍지-u2h,13,사쿠야 이제 귀엽다못해 멋있기까지함… 아기야 ㅜㅜㅜㅜㅜㅜㅜㅜㅜㅜ,f8sRbKyPnZE
@잎깻-b1x,6,링거티 코디 ㅁㅊ…. 시온은 왤케 더 예뻐졌냐,f8sRbKyPnZE
@necoyushi_45,6,진짜 덕질할수록 덕질할 맛 나는 그룹...,f8sRbKyPnZE
@v1u5h,5,리쿠가 이번 컴백에 있어서 새삼 행복하다 😂,f8sRbKyPnZE
@merrie_ssa,3,너무 너무 아름답다💚💚,f8sRbKyPnZE
@だるはな,3,WISHにしか出せないこの雰囲気が好き❤️,f8sRbKyPnZE
@이동식씨의디스크,3,편집을 이 갈고 해주셨네... 정말 감사합니다,f8sRbKyPnZE
@oOO나미,2,이렇게 잘생긴 남자아이들이 모여서 이런 귀여운 컨셉을 해주는거 감동 심하다..,f8sRbKyPnZE
@ジャニス-f4q,2,1:50 재희 표정 좋아,f8sRbKyPnZE
@영웅본색86,2,시온이 너무 예쁘다,f8sRbKyPnZE
@O_OV_cat_protector,2,0:51 난 그냥 유우시랑 시온이 붙어 있으면 왜 이렇게 좋지.. 이번에 인트로랑 첫 싸비 둘다 연달아 나와서 너무 쭈음,f8sRbKyPnZE
@blueheart873,2,((대영을숨기지마)),f8sRbKyPnZE
@sakusaku-bbang,2,1:07 유우시 뒤에서 나오는 료가 너무 귀여워서 못참음,f8sRbKyPnZE
@GOME2wish,2,댕이 여기서도 차력쇼 하네!💚💚💚,f8sRbKyPnZE
@youtubekorea,1160,태계일주 평생 보고 싶은 사람 손✋,6gA3Fp7PbnI
@piria54-z8z,77,태계일주 덱스 존나 취저임ㅋㅋㅋㅋ,6gA3Fp7PbnI
@hyhyl0811,39,저래입고도 덱스는 왜잘생겼냐ㅎㅎ,6gA3Fp7PbnI
@김성민-g9u,36,덱스 좋다 😄,6gA3Fp7PbnI
@Empire56yuds,29,덱스 태계일주서 또보길 원했는데 형들의 부름에 다시 해줘서 고맙네요 시청자들에게 더이상 보여줄게없다고 걱정말고 그냥 지금처럼 하면 그저 좋을거같아요😊,6gA3Fp7PbnI
@이유정-m6u,27,이 넷의 조합이 너무 그리웠어요,6gA3Fp7PbnI
@mulan0322,25,4명 모여서 얘기하는 것만도 재밌음 태계일주 끝이라뇨..ㅜㅜ 그럼 4명이서 한국일주라도 계속해줘요,6gA3Fp7PbnI
@moment501,23,덱스             👍,6gA3Fp7PbnI
@지져스크라이-h7e,23,왤케 다들 친하냐 보기좋다,6gA3Fp7PbnI
@peaceful79-m8n,22,덱스. 저들 사이에서 참 빛난다ㅋㅋㅋㅋㅋ제일 제정신에 잘생기고,6gA3Fp7PbnI
@zindahaidi,22,It’s now trending #2🎉🎉 Best show is coming  Love Dex❤,6gA3Fp7PbnI
@staynswerbee,21,덱쪽이는 덱쪽이❤ 기시빠 삼각편대 사이의 화룡점정.,6gA3Fp7PbnI
@네임-n8p,17,넷 케미가 미챴음. 😊 기대 기대,6gA3Fp7PbnI
@hjiuiiiuuuu,15,ㅋㅋ덱스 형님들 친해져서 편하게 할말하는거 재미있네요  이시언 기안84 옆에서 중심 잡아주며 할말은 하는 한혜진 역활 느낌ㅋㅋ 여기 한혜진도 끼면 재미있을 것 같은데,6gA3Fp7PbnI
@이수민-q8c8z,14,태계 5 제발 해주세요 4도 무조건 잘될거임~,6gA3Fp7PbnI
@花金-q6p,14,인급동 2위 축하! 대박나자!,6gA3Fp7PbnI
@tree2227,14,인급동2위🎉🎉🎉🎉,6gA3Fp7PbnI
@모닥불과울타리,13,덱스 없었으면 큰일 났을뻔,6gA3Fp7PbnI
@ngporkchop,13,Dex is awesome 🤩,6gA3Fp7PbnI
@하-v1q,13,넷이 너무 편해보여서 좋다ㅎ,6gA3Fp7PbnI
@끌릭_I9X_티슐랭_오리진,544,*현주님처럼 배려 깊고 따뜻한 마음을 가진 사람이 주변에 있다는 건 정말 큰 축복인 것 같아요! 😊*,XwhFthaxZNg
@stellajki,189,현주웅니 2세 소식 없으신가요 뜬금없이 간밤에 꿈에 언니가 진짜 완전 갑작스럽게 나왔거덩요 제가 엄청 커다란 복숭아를 들고 가고 있었는데 되게 왕큰 복숭아를 아 이거 지켜야되는거다!! 어디서 임무를 받아서 막 바쁘게 갔단 말이어요 근데 갑자기 언니가 나타났는데 직감적으로 어!! 복숭아 줘야되는 사람이다!! 느낌이 와서 언니한테 전해줬거든요 정!말!! 큰 복숭아였어요 지름이 프레드피자 라지사이즈보다 큰!!!,XwhFthaxZNg
@Onthemood-ti8ow,72,남매가 둘이 앉아서 얘기만하는데 개웃김ㅋㅋㅋㅋㅋㅋㅋㅋㅋㅋㅋㅋ숨쉬듯무례,XwhFthaxZNg
@dodori2076,57,경탁님이랑 티키타카 넘 재밌어옄ㅋㅋㅋㅋㅋㅋ 자주 출현해주세요..🥺,XwhFthaxZNg
@Sranrea,49,17:36 태성님 왤케 존잘되셨어요!!!,XwhFthaxZNg
@후니-r6e,42,신기한부분이 자매들끼리 목소리 똑같고 형제끼리 목소리 똑같은게 신기해요ㅋㅋ 오늘두 현주투성이로 수요팅🩷🩷,XwhFthaxZNg
@_donghyeon,41,현주님이나 태성님이나 서로에 대한 칭찬에 인색하지 않고 말을 너무 예쁘게 해서 보기 좋아요 🥺 둘이서 치는 장난도 너무 웃김 ㅋㅋㅋㅋㅋ 어째 저렇게 티키타카가 잘 될까,XwhFthaxZNg
@Haana_tube,31,현주님 같은 가족이 있었으면 좋겠어요     따숩고 긍정적인 언뉘🦋,XwhFthaxZNg
@elin04138,30,뭔가 남편이랑 단둘이 투닥거리면서도 소소하게 시간 보내는 모습 넘 좋아보여용🫰🏻 제 워너비!!,XwhFthaxZNg
@tholomew-o2b,21,남매 대화할때 사투리 찐텐 ㅎㅎㅎ귀여워여 근데 경탁님 말 진짜 공감… 연애랑 일 어떻게 동시에 하나요 ㅠㅜㅜㅜ장기간솔로 동지로서 정말 궁금 ㅠ,XwhFthaxZNg
@긍정빠워-f9y,15,가족들 영상에 나오는거 너무 재밌어요 그나저나 경탁이형은 무슨 일해요? 저번에도 일에 미쳤다느니 그런말 했었는데!,XwhFthaxZNg
@weare010,14,여자 좋아하는 거 맞지? ㅋㅋㅋㅋㅋㅋㅋㅋㅋ 아 이 부분 조심스레 묻는 거 넘 귀엽고 웃겨욬ㅋㅋㅋㅋㅋㅋㅋㅋㅋ,XwhFthaxZNg
@섬풍기,12,세자매중 성격제일좋아,XwhFthaxZNg
@mjmj25003,9,언니에게도 동생들에게도 현주언니 쏘스윗❤,XwhFthaxZNg
@후야밍,8,ㅋㅋㅋㅋ남매끼리 대화 장난하나?가 반이네요 ㅋㅋㅋㅋ 넘 웃겨요 ㅋㅋㅋ 부부대화도 너무 정겹고 재밌고 ㅋㅋ저도 신혼때가 생각나고 그러네요 짱 💓,XwhFthaxZNg
@빠삭한과자,8,가족끼리 나오는거는 다 재밌어요!!  크크 앞으로도 자주 업뎃 해주세요🩵,XwhFthaxZNg
@ee98765,7,태성님 시선으로 태성님의 하루찍는것도 보고싶어용,XwhFthaxZNg
@꿀진-i6v,6,경탁님이랑 오디오 안빔 ㅋㅋㅋㅋ둘이 티키타카하는거 넘재밋음 ㅋㅋㅋㅋㅋ,XwhFthaxZNg
@meow_ontop,6,자잠시만 나 너무 놀래서 영상 멈추고 댓글 다는 중이에 아니 세상에 훠위엔 울집 주변인데… 어쩌면 마주쳤을 수도 있겠져 벗 난 저때 야근하고 있었게찌..?타이밍이 이렇게 ㅜ 언니 근데 백숙냥이 되어버린거 넘 귀여운데 넘 웃겨요ㅋㅋㅋㅋㅋㅋㅋ 12:07 ㅋㅋㅋㅋㅋㅋㅋㅋㅋㅋ,XwhFthaxZNg
@Juju-d8y6z,6,까망베르두부 분량 많아서 좋아요ㅠㅠㅠㅠ 나중에 기회되면 까망베르두부 특집편 플리즈..❤️,XwhFthaxZNg
@jkdo380,43,어떠한 노래든  뭘불러도 임영웅  천상계의 음색의 노래는 들으면 들을수록 중독성이 있어 자꾸 듣고싶어지네요  하늘이 내린 우주대스타 최고의 명품보컬 넘사벽 독보적  국민솔로가수 임영웅 응원합니다,W-1DWS-lZ9c
@사랑비-f5q,41,임영웅 신곡이 나오는 jtbc 드라마 천국보다 아름다운도 19일 토요일 10시40분  20일 일요일 10시 30분 본방사수합니다,W-1DWS-lZ9c
@하림이-m4v,38,임영웅 '천국보다 아름다운'을 듣고 있는 지금 기억에도 없는 아버지가 아련하게나마 하늘 저 끝에서 미소로 내려다보고 계시는 것만 같습니다❤,W-1DWS-lZ9c
@선화맘2-z5v,34,임영웅  천국보다 아름다운 드라마에서 울려퍼질 Ost  토요일 밤 10시 40분 설렘으로 기대하며 기다립니다  본방사수 할게요  초대박 나세요  사랑합니다 건행 ㄱ 🩵🙏,W-1DWS-lZ9c
@정옥여-f4g,34,임영웅  천국보다 아름다운  임영웅 이 있음이 천국입니다  세계속에 빛나는 글로벌 아티스트로 성장하기를 응원합니다  토요일 10시40분 본방사수해요 건행😊,W-1DWS-lZ9c
@동백꽃-w9w,29,임영웅 중독성이 쩌네요,W-1DWS-lZ9c
@아이비-b9o,29,임영웅 천국보다아름다운 ~~ 어젯밤도 음악듣느라  밤잠  설쳤네요 ㅎㅎ,W-1DWS-lZ9c
@sogood-gs8ky,28,임영웅  ❤❤❤,W-1DWS-lZ9c
@정옥여-f4g,28,임영웅  들을수록 더 좋아지는 마법같은 보이스  마음의 행복을 주는 우리가수님  천국보다 아름다운 초대박나세요  건행하시구요 사랑합니다 😊,W-1DWS-lZ9c
@김애자-k8r,28,임영웅 천국보다  아름다운 20ㅇ 만뷰축하합니다,W-1DWS-lZ9c
@이경애-j1f,28,역시 본업은 천재이상입니다. TV에서도 보고 싶어 눈물 나요.^^ 보고싶어요. 보여주고 싶어요. 다른분들에게도 당신을~~~,W-1DWS-lZ9c
@yhwr,27,임영웅 천국보다 아름다운 목소리~  언제나 응원합니다❤❤❤,W-1DWS-lZ9c
@조서영-x4t,27,임영웅 힐링과 행복을주는 아름다운가수  아름다운노래  천국보다아름다운  응원합니다,W-1DWS-lZ9c
@블루-h2e8g,27,임영웅 정말 명곡이네요👍 자꾸 듣고 싶고 메아리 처럼 여운이 계속 귓가에 남아 있네요~~ 역시! 보이스가 독보적입니다! 응원 많이많이 할게요^^🩵,W-1DWS-lZ9c
@정옥여-f4g,27,임영웅 대한민국 최고의 보컬리스트  마음으로 듣는 임영웅 의 노래 이곳이 천국입니다  천국보다 아름다운  초대박나세요 건행ㄱ,W-1DWS-lZ9c
@우주별-x9o,26,임영웅 천재가 맞네요~ 정말 대단하고 무한한 감탄만 나오네요 잘 해도 너무너무~~ 잘 부르셔서 감동 그 자체입니다~👍👍👍,W-1DWS-lZ9c
@하정아-q5c,25,국민힐링송 갓영웅갓갓~!!,W-1DWS-lZ9c
@정옥여-f4g,25,임영웅  천국보다 아름다운  오늘도 응원합니다  감성보이스 명품가수  응원합니다 건행ㄱ,W-1DWS-lZ9c
@헤라-b5p,25,임영웅 가수님 고맙고 사랑합니다. 천국보다 아름다운 좋은 노래 듣게 해줘서 참 행복합니다. 많은 것들이 스쳐지나가고 그리운 사람이 보고싶네요.,W-1DWS-lZ9c
@user-pw9sy1zk9r,24,임영웅의 천국보다 아름다운 목소리 넘좋아요,W-1DWS-lZ9c
@순채남,28,김남일 선수는 말도 행동도 먼가 멋져보이네,8jk2asElHvQ
@정씨님-t3v,23,안정환이 괜히 김남일을 좋아라 하는 이유가 있음 매력터짐...ㅎㅎ,8jk2asElHvQ
@joyojang,13,김남일 감독님 남자가 봐도 멋있으시네요,8jk2asElHvQ
@캐스퍼-q2w,8,김남일님 은근히 조곤조곤 재밌으시네요~ 예능감 있음 ㅎㅎ 젠틀해 보이고 멋져요!!,8jk2asElHvQ
@검도현우,8,방송 편하게 물 흐르듯이 좋네요^^,8jk2asElHvQ
@rt1vz,7,김남일은 나이 들어도 그 특유의 카리스마는 그대로다,8jk2asElHvQ
@개인카페의모든것,7,김남일 목소리부터 존재 자체가 멋있다,8jk2asElHvQ
@bjpark3787,6,김남일 예능감 많이 늘었다     남자가 봐도 멋있네,8jk2asElHvQ
@JasonLee-sm5se,6,남일이형이 4강 독일전만 뛰었어도 진짜 몰랐을껀데...두고두고 아쉬움,8jk2asElHvQ
@rogers3423,6,상남자ㅎ,8jk2asElHvQ
@asfrvbgfsskf,5,여기 한우 역대급이다 진짜....... 김남일님 여기서 보니까 넘 반가워용 !! 자주 나와주세욧,8jk2asElHvQ
@luxuryhobbang,5,남일선수 너무 멋있네여😊,8jk2asElHvQ
@lovelove-xf3ig,5,18:23 김남일 진심같아서 더 웃김ㅋㅋㅋㅋㅋㅋㅋㅋㅋㅋㅋㅋㅋㅋㅋㅋ,8jk2asElHvQ
@풍산월드,5,역시 체육계선후배 깍듯.  남일이형 나이먹어도 간지 나네 진짜 멋있게늙는다 이형.,8jk2asElHvQ
@cbacchus01,4,인천의 보물! 진공청소기를 오랜만에 화면에서 보니 너무 반갑습니다.,8jk2asElHvQ
@웨인루니-c3n,4,지금까지 본 영상 중 젤 재밌게 봤어요~ 김영광 선수도 진짜 개그 코드가 좋네요,8jk2asElHvQ
@김나혜-x5m,4,하 김남일 존나 사랑해,8jk2asElHvQ
@오리오리-n2u,4,김남일 최고다,8jk2asElHvQ
@최상원-x7j,4,개잘생겼습니다 감독님!,8jk2asElHvQ
@bombom_v,4,김남일감독님 멘트가 방송인 다 되셨어ㅋㅋㅋㅋ,8jk2asElHvQ
@shkim6128,53,늘 열씸히 일만해서 안타까웠는디 다행입니다,JWCxyxNl4XY
@SH-in5ez,51,이찬원 삿포르는 그 바쁜 스케쥴에 언제 간겨~~~,JWCxyxNl4XY
@신옥자-k8l,48,이찬원 님 응원할게요 👍 💕 역시 👍 💕 사랑스러운 👍 💕 너무 멋지고 👍 귀여워요 👍 💕,JWCxyxNl4XY
@킴찬스-y5g,47,이찬원 이찬원 이찬원 너무너무 이쁘다,JWCxyxNl4XY
@shkim6128,44,이찬원 보니 갑자기 삿포르 에 가고 싶어진다 오~~,JWCxyxNl4XY
@조순이왔또,43,이찬원 춥지만 넘 재미 있을것같아요 추운데 감기조심하세요 축제 재미있을것 같네요 이찬원역시최고입니다 👍👍👍👍👍👍💞💞💞💞💞💞💞💞,JWCxyxNl4XY
@jeong6653,42,이찬원 삿뽀로 눈축제 덕분에 잘봤습니다 추운 날씨에 수고 많았겠지만 즐기면서 힐링하고 왔길 바래요,JWCxyxNl4XY
@박복순-n4l,41,눈맞으면서  삿뽀로 특파원 이찬원 이렇게  멎질수가?.추운 날씨속에서 삿뽀로 홍보대사 이찬원  화이팅.ㅡ.,JWCxyxNl4XY
@태순차-k1s,40,찬원님폔스토에보고싶어요기대됩니다시선고정하겁니다토잘생긴트롯트이찬원화이팅,JWCxyxNl4XY
@찬또와함께,39,난 너무 추워서 딱 한번만 가본 여행지 눈 좋아하는 이찬원 에게는 색다른 추억~ 많이 즐기고 힐링하시니 더불어 나도 힐링!,JWCxyxNl4XY
@킴찬스-y5g,37,이찬원 오내언사,JWCxyxNl4XY
@김은-z7z,36,첫눈같은  이찬원  삿뽀로의 아름다운 청년,JWCxyxNl4XY
@찬또사랑-r7y,27,이찬원 특파원 어떻게 눈이 저렇게 많이 오다니 너무 추웠어 이찬원 최고💖💖💖,JWCxyxNl4XY
@정임강-p5d,27,이찬원 덕분에 삿포로 눈축제 구경합니다ㆍ빛나는 외모 더 빛이 납니다ㆍ아나운서처럼 현장  소개를 술술 해 주는 우리 슈스,JWCxyxNl4XY
@문세일러-m3k,27,기분좋아지는 영상이네요 찬원님 덕분에 눈 귀호강합니다! 날이 추워서 고생하셨겠어요 늘 건강챙기시고 오내언사입니다^^,JWCxyxNl4XY
@SH-in5ez,25,신라면 드셨어야 하는디~~ 아쉬버요,JWCxyxNl4XY
@짱구만세,25,히히 눈 축제 다녀온 이찬원 좋다!!! 마음의 여유를 주는 여행은 언제든지 최고♡,JWCxyxNl4XY
@shkim6128,25,늘 열씸히 일만해서 안타까웠는디 다행입니다,JWCxyxNl4XY
@minjipark3693,22,이쁜표정으로 찍은 셀카 같이 봅시다😊 이찬원❤,JWCxyxNl4XY
@에이드-g9t,22,아휴~~추운데 패딩 지퍼좀 올리고 모자좀 쓰시지 넘 추워보이네요 😷🤧,JWCxyxNl4XY
@jun4182,14,왜 뭔가 재밌을거 같냐 갑자기 마블 다 기대되네 ㅋㅋㅋㅋㅋ,PrJ7qyEuqqE
@데헷헤헿에헤헷,3,처음 나오시는 분은 마크 게티스라는 배우로  영국인이고 작가로도 활동하고 계십니다. 대표작으로는 영드 셜록이 있으며 마이크로프트역과 몇몇 에피소드 집필을 맡으셨습니다. 이번 영화에서는 작중 배경에 맞게 미국 발음을 쓰시네요.,PrJ7qyEuqqE
@Dp2626_,2,벤 그림이 바뀐 외형에 고통스러워하며 사람들에게 외면 당하고 그에 따른 우울한 분노가 가득 담긴 캐릭터로만 소비되지 않고 아이들에게 사랑 받고 자기 모습의 장난감도 존재하고 평소 묘사된 무겁고 느린 목소리가 아닌 배우 그대로의 목소리로 나오고 일반적인 사람 대우를 받고 있는게 괜히 마음이 좋아짐…이 세계관에선 더 씽이 그래도 좋은 대우를 받는구나 싶어서 ㅋㅋ 영화 제발 재밌길,PrJ7qyEuqqE
@김카엘-f7j,2,이 영화도 걍 둠스데이에 판4 나와야되니까 부랴부랴 만든게 티가 나네 안봐도 망작이다,PrJ7qyEuqqE
@Akaza-z8e,2,캐스팅 미스 각 배역마다 배우가 너무 어색함 애초에 설정자체가 미국인빼고 좋아하는 히어로가 아님 계속 망하는 이유는 그거임 지금 내용조차도 전에 다 했던거고 오히려 제시카 알바때가 각각의 배역도 연출도 좋았으나 히어로 설정이 너무 흡입력이 없음 보면서 와아~~!! 이런 게 있어야 하는데 능력을 쓸때마다 김빠짐.  과연 이번 판4는? 😂,PrJ7qyEuqqE
@sasimiknife,2,ㅈ망의 예감이..,PrJ7qyEuqqE
@bangbongsam,2,딱봐도 노잼이네;  히어로물은 이제 식상함. 판포는 그리고 멋없을수 밖에 없는게 돌덩이에 늘어나는 고무 같은 구닥다리 능력이 멋지게 보일리 없음.,PrJ7qyEuqqE
@kev7893,1,머...멀티버스인가??,PrJ7qyEuqqE
@Amoogaek,1,오 예고편 잘 뽑았네 과연..?,PrJ7qyEuqqE
@lds9368,1,ㅈ망각,PrJ7qyEuqqE
@1wawa,1,디자인 총체적 난국이다...,PrJ7qyEuqqE
@오즈벨라,1,요즘 슈퍼맨도 그렇고 이렇게 히어로라는 이름에 걸맞게 희망을 주는 슈퍼히어로가 많아지는 것 같아서 좋다.... 다시 한번 더 영웅의 이야기들이 흥행하기를!!!,PrJ7qyEuqqE
@sunny-akgae,1,페드로 파스칼🥹🩵🩵,PrJ7qyEuqqE
@7RaDyq8A,1,아.. 벤 CG 진짜 못봐주겠네.. 왜 저따위로 만듬??,PrJ7qyEuqqE
@ellip705,1,에휴  마블아...,PrJ7qyEuqqE
@소도둑마법쏴,1,만달로리안 딘자린 이네,PrJ7qyEuqqE
@blacksinusecho,1,니들 실버서퍼 배우 제시카 알바인거 알고 떠드냐?,PrJ7qyEuqqE
@쿨럭콜록,1,배우 다 별로네,PrJ7qyEuqqE
@djdidks,1,예고편도 노잼이노 원조가 맛있다 역시,PrJ7qyEuqqE
@Sillytsk,1,이제 걍 다 유치하다ㅋㅋㅋㅋ,PrJ7qyEuqqE
@까르페디엠-j1o,11,독감인데  이보이스가  이목솔이 실화??? 정말  가창력 보이스가 대한민국 국민가수답다는♡♡♡,uEY9nMWmvwI
@최옥연-f9q,7,임영웅 천국보다 아름다운  감성장인. 수식어가 딱맞는 내가가수 넘 감미롭고 좋아요 노래 드라마도 대박납니다 🩵👍🏻,uEY9nMWmvwI
@민사랑-h1r,7,임영웅 사랑스러운  최고의 가수  천국보다 아름다운 응원합니다,uEY9nMWmvwI
@hym36,7,임영웅 큰감동을선사하는 나의원픽 응원합니다,uEY9nMWmvwI
@안소라-x3w,7,목소리 톤 완전 최고❤❤❤,uEY9nMWmvwI
@고사리200,6,임영웅  믿고듣고보는 아티스트 응원합니다,uEY9nMWmvwI
@세만-y6o,6,임영웅 천국보다 아름다운 너무나 좋아요,uEY9nMWmvwI
@이복례-g5l,6,임영웅. 님 건행. ❤❤,uEY9nMWmvwI
@홍종선-u5n,6,감성장인 임영웅 이 번에도 심금을 울리는 목소리로 우리에게 휠링을  선물하네요 ❤,uEY9nMWmvwI
@강김원정,6,임영웅 너무멋지고 감사합니다 건행하세요,uEY9nMWmvwI
@차돌-w2n,6,반가운 소식 천국보다 아름다운  드라마도 벌써 기대됩니다 건행🎉,uEY9nMWmvwI
@대우박-f2n,6,임영웅 💙  신의한수 코 맹맹이 를 만들어준 감기 까지도 만능 뮤지션 을 도와주는 일등공신 이 되네요  천국보다 아름다운 신곡  대박 나기를 응원합니다 👍,uEY9nMWmvwI
@사랑-c7x4v,6,연습 실력이 이 정도? 역시 본업존잘 임영웅 ♡천국보다 아름다운 넘 좋아요,uEY9nMWmvwI
@유진11-r3u,5,임영웅 우리들의 히어로 늘 응원합니다  독감으로 목상태 안좋은데도 명품 노래 탄생^^,uEY9nMWmvwI
@최명일-j5c,5,티브로크게보니까 임영웅 님 피부가 넘넘 좋아요 티브에서라도 보고싶어요 소원입니다 노래가 아름답고 슬프기도하고 들을수록 빠저듭니다 사랑해요!👍🤩😍😘,uEY9nMWmvwI
@스타올리브,5,임영웅 감성천재 진~~짜 넘사벽 가창 음원도 좋고 다 좋다 힐링은 임영웅 님 이지~~~,uEY9nMWmvwI
@풀잎-p6g,5,임영웅 님 건행요. 독감인데 잘 극복하고 녹음하는 모습 보면서 감동 받았어요. 코맹맹이 소리 안나냐고 이야기 하시던데 목소리는천상계입니다.  최고! ❤❤❤❤❤,uEY9nMWmvwI
@김영순-p9u,5,임영웅님  사랑합니다 언제나함께해요  건강하세요,uEY9nMWmvwI
@예쁜가방-d9x,5,임영웅 천국보다 아름다운응원합니다,uEY9nMWmvwI
@채모모,5,임영웅 귀여워요 😍,uEY9nMWmvwI
@korik9788,18,기안장 너무 재밋어서 다보고 따라왓어요 진님 예은님 기안님 다 너무 좋아요 셋다 꾸밈없는 성격이라 케미 좋은거같아요 여기서도 셋이 또 볼수잇으니 졸잼 ㅜㅜ 자주 나와주세요..,0_bkdqBvEjc
@QNAANDDL,7,기안 들어오자마자 노빠꾸로 할말해버리네 ㅋㅋㅋ단톡방에서 씹지말라고 ㅋㅋㅋ 기안다워 ㅋㅋㅋ,0_bkdqBvEjc
@biki-hp5my,7,김석진  팬콘이 윌드 투어였던거야 ㅜㅜ 진짜 고맙다  새벽에 공지보고 기절하는줄 너는 진짜 최고다,0_bkdqBvEjc
@sunussbss,6,이 조합 진짜 너무 좋다 케미가 은근 개미침,0_bkdqBvEjc
@Woolimm,6,기안장이 존잼이었던 이유는 억결 하는 예능인들 없어서 너무 편하게 봄ㅋㅋ 예능 나가면 꼭 아재들이 엮으려고 하는데 볼때마다 잼 없었는데 기안장은 진짜 남매처럼 넘 재미있게 봤어ㅋㅋ,0_bkdqBvEjc
@asn-g1d,6,30살 넘은 남자가 저는 공주거든요~ 하는데 납득이 가요!!!!!!!,0_bkdqBvEjc
@사각사각-m6u,6,아고 우리 기안84님 초대해줘서 감사해용😅,0_bkdqBvEjc
@뿔쏘-k3m,5,기안장 석진이가 다 살린거 알죠??? ㅋㅋㅋㅋㅋㅋㅋㅋ,0_bkdqBvEjc
@carolinenakapowers,5,I love and enjoy Run Jin💜 I don’t want it to end 😢,0_bkdqBvEjc
@spring_jin,5,덕질이란게 이렇게 행복한거군요 김석진 고마워♡,0_bkdqBvEjc
@언덕위에있는멤버-g8z,4,이 셋 케미 넘 좋앜ㅋㅋㅋㅋㅋㅋㅋㅋ 최고야,0_bkdqBvEjc
@조르주-l8n,4,사실 첫번째 기안이 이겼는데 예은이 1등 시켜주는거 봐 ☺️,0_bkdqBvEjc
@AntonioPeraltaMartinez-u1v,4,사랑해요 진,0_bkdqBvEjc
@by여니,4,기안장에서 계속 이런데🤣🤣🤣 티키타카 귀여워요😊😊😊,0_bkdqBvEjc
@hafsafo,4,WOWWW WWH JINNN,0_bkdqBvEjc
@Bisan-4457,4,I like this show very very much 🔥🔥🔥🔥❤️❤️❤️❤️❤️💜💜💜💜💜💜💜💜💫✨,0_bkdqBvEjc
@jeysivelasquez3281,4,정말 재밌어요  정말 즐거웠어요...💜✨💯  Jin 그는 게임 만드는 데 최고예요...🤭🫰🏻😂,0_bkdqBvEjc
@LunaRuiz-mt8tc,4,SEOKJIN amo tus momentos gracias por hacerme feliz con tus Run jin,0_bkdqBvEjc
@appletree67168,3,기안장 보고 또 보게 되요 재미짐,0_bkdqBvEjc
@NurLela-wz8sk,3,Worldwide handsome Kim seokjin💜💜,0_bkdqBvEjc
@CHKCHK_Official,258,[#CHKCHK 폴라로이드 이벤트]  ✔ 참여방법 ① CHK CHK 유튜브에서 <Off The Stage> BEAST(HIGHLIGHT)(비스트(하이라이트)) ‘없는 엔딩’ 시청하기 ② 해당 영상에 ‘좋아요’와 ‘댓글’ 남기기 + CHK CHK 채널 ‘구독’ 하기 ③ #OffTheStage_비스트_event 해시태그와 함께 트위터 인용 RT 💗  ✔ CHK CHK 트위터 아이디 : @chkchkofficial  ✔ 참여기간 : 04/16~ 4/23 *국내 거주자 한정,RTTVWPXcd8A
@hhhyep,26,데뷔팬인데 운동을 하느라 콘서트 한 번 가볼 수 없던 제가 오빠들을 보고싶다는 마음 하나로 경호학과를 가고  조금 돌아 갔지만 매니저의 길을 걸으며 오빠들을 가까이서 봤었어요. 다들 방송쪽 일을 하게되면 탈덕한다 말했지만 전 여전히 뷰티고 라이트입니다. 가까이서 봤던 오빠들도  무대에서 보는 오빠들도 항상 멋졌고 저를 설레이게 만들고 행복하게 만들었어요. 뷰티였다고  라이트라고 말하지 못했지만 항상 응원했고 응원하고 있습니다. 이제는 당당히 말하고 싶지만 매니저의 길을 떠나서 팬으로밖에 만나지 못하겠네요. 알아보실지 모르겠지만 팬이었다고 이제라도 말해봅니다! 비스트  너희가 내 별이다!!!!!❤,RTTVWPXcd8A
@hhhyep,12,제가 살아있는 동안 비스트가 다시 컴백하는 걸 볼 줄 몰랐어요 진짜 너무너무 기다렸고 비스트 이름을 부르고 싶었지만 하이라이트라는 새 이름에 만족하고 살았는데 B2ST 로고를 보는 순간 깨달았어요 사실 나 B2ST❤B2UTY가 그리웠구나 데뷔팬인데 오빠들 칠순잔치까지  팔순잔치까지 함께해요 우리에게 엔딩이란 없으니까❤,RTTVWPXcd8A
@sys2760,11,정말 아무생각없이 신곡나왔다해서 들어왔다가 BEAST 보고 심장 철렁했다. 와 진짜 비스트 너무 그리웠고 그리웠다. 이렇게 울컥할줄 몰랐다. 보고싶었어 비스트,RTTVWPXcd8A
@uu2z457,8,B2ST 미쳤다…! 여기저기 적고 다니던 그 시절 추억들이 떠올라 여전히 좋아하냐고 물어보지만 평생 갈 인연인걸! 영원히 나의 아이돌♡ 건강하게 오래 함께하자! 오래보자! 비스트!,RTTVWPXcd8A
@봄봄-n1x,8,오 딱 그때 그 비스트 감성...,RTTVWPXcd8A
@ddt-y3z,7,비스트는 발라드가 진짜 조음 ...,RTTVWPXcd8A
@623빙구,7,비스트라는 이름 되찾고 새로 나온 앨범에 비스트색 없는엔딩이라니ㅠㅠ 서사가 너무 아름답습니다!! 댄스발라드에 스탠등 마이크까지 완벽합니다♡♡  지금이 그냥 2009년 아닌가요?!!! 늘 한결같은 비스트 하이라이트 너무 사랑합니다~ 늘 지금처럼만 활동해주세요~😭😍😭😍,RTTVWPXcd8A
@bdgdrones2855,6,노래미쳐따 요섭아 기다렸어!!!나 40살됐어😂,RTTVWPXcd8A
@abcde예뻤지,5,비스트 이름 찾고 컴백을 해서 너무 좋은데 하필 3년 사귄 여자친구와 헤어지고 나서 이런 감성의 노래가 나오면 우짜라는겁니까ㅜㅜ,RTTVWPXcd8A
@michin23mi,5,최근에 숏컷해서 그런지 멤버들 머리만 보이네 ㅋ 이름 찾은거 ㅊㅋㅊㅋ,RTTVWPXcd8A
@ddt-y3z,5,두준이가 들어오래잖아,RTTVWPXcd8A
@FaceLyen,5,비: 비스트로 9년 만에 컴백한        없는 엔딩!! 스: 스트리밍 로딩 중♡ 트: 트렌디한 하이라이트 장면이네요 BEAST❤,RTTVWPXcd8A
@J1_bella,5,다시 뷰티와 비스트로 만나게 되어 반가워요♥︎ 비스트 라는 이름을 세상에 다시 꺼내놓을 수 있어 마음이 싱숭생숭🥺,RTTVWPXcd8A
@바닐라라떼-q8p,4,10년넘게 팬하면서 앨범낼때마다 설레이게 하는 가수는 비스트가 나에겐 유일함😢❤,RTTVWPXcd8A
@heetorii_a,4,비스트라는 이름이 더이상 추억이 아니게 된게 너무 행복해🫶 정말 없는 엔딩 그 자체야 뷰티에게 이런 선물을 줘서 고마워🩶,RTTVWPXcd8A
@4869park,4,구비현하 댄라드 들으니까 다시 어려지는 기분이야..,RTTVWPXcd8A
@djysgkdw0325,4,진짜 비스트가 없는 엔딩은 상상도 할 수 없었어 보고싶었어 비스트,RTTVWPXcd8A
@maro_2,4,하이라이트가 된지 9년이란 시간이 흘렀지만 여전히 '저 하이라이트 좋아해요' 라고 했을 때 잠깐의 정적과 함께 '아~ 비스트?' 라고 반응하는 주변사람들의 말을 들을 때면 왠지모르게 씁쓸하면서 가슴아픈 이름이었는데 이젠 웃으며 말해줄 수 있어요  비스트의 멈춰버린 시계가 다시 흘러가고있다고   하이라이트가 지켜낸 소중한 이름이라고  포기하지않고 늘 우리 곁에 있어준 오빠들  오빠들이 하이라이트였기에 우리의 1막인 비스트는 없는엔딩일 수 있었어요 우리 지금까지처럼 언제나 함께 같은 곳을 바라보며 나아가요 행복속으로🍀,RTTVWPXcd8A
@user-9455,4,비스트 이제 엔딩 없어 ㅠㅠㅠㅠㅠㅠ,RTTVWPXcd8A
@온팬-히든TOP-I9금채널,1437,*양수경씨가 천사 같아서 놀라워요! 친아들도 잘 키운단 말에 존경스러워요! 🌟*,k6tMPis8YHw
@각행-g4r,64,아들 딸 잘키우셨네요. 늘 행복하세요.응원합니다,k6tMPis8YHw
@tefjouhbk6433,52,배동석씨. 사회 정말 시원시원하고 잼잇게  잘보시네요  최고예요,k6tMPis8YHw
@rirulee1034,47,와..진짜 딸도 아들도 잘키우셨다.. 동생딸이라도 키우기 쉽지않았을텐데 그것도 혼자되서도 다 키우셨다니.. 사회보는 배동성  목소리 완전 아나운서고 축가 조관우는 너무 목소리가 대박...   신랑 신부 닮았어요ㅎ 잘살듯   눈물흘리는데...쟤먼저.. 이러는데 진짜 친엄마보다 더 챙김.. 철저히 본인보다 딸을 아낌끼는게 느껴집니다...  모두가 행복하시길...,k6tMPis8YHw
@흑장미-g2j,36,동생축사 너무진솔하고 감동입니다,k6tMPis8YHw
@정희신-f9e,33,양수경씨 노래 많이불렀는데~~  곱게 나이드셨네요~~  흐뭇하시겠어요~  축하드려요~,k6tMPis8YHw
@Aromahoney-fp5ir,25,양수경씨 자녀들 혼자 키우느라 고생 많으셨나봐요. 흐느끼는 모습이 가슴아팠지만 그래도 동료 연예인들 축하속에서 딸결혼식 기쁘게 잘 마칠걸 보니 좋습니다.  모조록. 이젠 다 커서 출가했으니 홀가분히 가수활동 불사르세요.🌷🌷🌷🌷🌷,k6tMPis8YHw
@김재숙-v6q,24,너무  잘키우시고  너무 잘컷고  행복하세요  ❤❤❤❤❤,k6tMPis8YHw
@명순전-l8i,19,양수경님 고생 하셔어요 잘 키워 주셔서 보기 좋네요,k6tMPis8YHw
@llop609,18,혼자서 조카들까지 키우기 쉽지않은데 정말 천사시네요. ❤,k6tMPis8YHw
@lalala6298,14,가수들이 모이니 진짜 흥이 절로나네요~~,k6tMPis8YHw
@흑장미-g2j,12,본방사수하고 또보네요 너무감동적인 결혼식이였어요 양수경님 정말 대단하고 존경스럽습니다,k6tMPis8YHw
@구름과나-i9t,12,조카들을 입양해서 자식처럼.키워서 결혼 보내니 허전함과 섭섭함은~ㅠㅜ,k6tMPis8YHw
@김명숙-y9q,12,죽하해요 수경씨  고생했네요 건강하시고 꽃길만 걷기를🎉🎉 🎉🎉,k6tMPis8YHw
@메이08,9,양수경씨 팬이었는데...  안으로 밖으로 너무나 아름다운 분이시네요❤❤❤,k6tMPis8YHw
@truthjustice20,9,와우~  양수경님과 전영록님의 축가 너무 뭉클하면서도 감동입니다! 💗,k6tMPis8YHw
@김지혜-v6l,8,양수경님~~대단하세요^^힘든시간 다 이겨내고 잘버티셨네요^^모두모두 이제는 더더더 행복하세요♡♡♡,k6tMPis8YHw
@손윤희-v7m,8,그동안 고생한 보람이았네요-- 얼마나 애를 마니썻을까 싶네요 사랑합니다 ^^--❤,k6tMPis8YHw
@김남도-w8t,8,행복하시길~🎉🎉🎉❤❤❤❤❤,k6tMPis8YHw
@SummerB-c1t,7,아니 도우미들이 드레스좀 잡아주지 ㅠ신부 걸음이 ㅠ,k6tMPis8YHw
@eun__j_i,2126,언니 저 황철수피자    손녀딸이에요       저희 할아버지 성함이 황 철자 수자     꺅 꺅 ㄲ갸 이게 무슨 일이야       먹어줘서 고마워요 해쭈🥰 쁘보님 어렸을 때부터 좋아했던 피자라니 영광이에요 ㅎ.ㅎ 이따 할아버지께 말씀드려야 겠어요 흐흐흐,fhsrNqV54dM
@HAEJOOOOO,554,이번 영상속 맛있게 먹은 음식점 리스트는 더보기란에 적어두었습니다 ! 다들 맛있는 하루하루 되시어라 ~🌹,fhsrNqV54dM
@이블링-r2b,161,0:00 충남아산 - 신정식당  2:42 평택 - 다올  4:47 - 황철수피자  5:50 - 아버님이 사오신 옛날식햄버거  6:34 - 뽀니님의 디저트선물 8:23 - 엽떡&교촌치킨 12:29 - 런던베이글뮤지엄 14:20 홍대 - 혼카츠 15:30 홍대 -티엔미미 18:47 홍대 - 마시타야 20:36 을지로 - 우래옥 23:16 평택 통복시장 - 개화식당 24:41 평택 통복시장 - 찹쌀잉어빵 25:28 - 쇼쿠지 26:58 -임꺽정뭉티기 28:45 평택 - 별미곱창 29:24 - 동천홍 31:25 명동 -  하동관 32:44 -칸다소바  해쭈언니가 더보기에 리스트적어준것도 모르고 직접 찾은 정보 공유해요😅,fhsrNqV54dM
@Chaekkuuu0719,25,쭈하 어른 음식 먹고싶어서 간절한 눈빛발사하는 거 너무 안쓰러 ㅜㅜㅜㅜㅜㅜㅜㅜㅜㅜ쭈하 좀만 더 크고 맛있는 어른음식 마이 먹자 ㅜㅜㅜㅜㅜㅜㅜㅜㅜㅜㅜㅜㅜㅜㅜㅜㅜㅜㅜㅜㅜㅜ,fhsrNqV54dM
@시현-s3e,12,21:29 속으로가 아니라 밖으로 환호성 지르신거 같은데여..ㅋㅋㅋㅋㅋㅋ,fhsrNqV54dM
@Haeillnyang,10,해쭈님.. 평택 다시 오시면.. 별미곱창보다 부산양곱창 가보셔요.. 숯불에 구워서 진짜 ㅈㄴx10 마싯습니다….🫠,fhsrNqV54dM
@젼-u8c,4,미쳤다 황철수피자 평택 개존맛피자집인데ㅠㅠㅠㅠㅠㅠㅠㅠㅠㅠ,fhsrNqV54dM
@김미대삐beat삐beat삐,3,해쭈 너무 맛나게 먹어서 나 지금 먹고싶은 음식 오억개가되.,fhsrNqV54dM
@나를궁금않고는못살지,3,이런 먹방 나는 너무 행복하오.. ㅣ금 보도 잇는 님도..?.. (좋아요부탁,fhsrNqV54dM
@영리우스3세,3,해쭈님!! 쭈친님들!! 제가 내일 첫 알바 면접 가요!! 너무 떨리지만 쭈친답게 아자자 홧팅이다아아아아🎉🎉🎉🎉 면접 꿀팁이나 응원 부탁드려요❤❤,fhsrNqV54dM
@nikijeong1914,3,해쭈님~ 일본여행때부터 알려드리고싶었는데 텐동시킬때 위에 접시가 따로나오는 이유는! 밥 위에 튀김을 계속올려놓으면 금방 눅눅해지기 때문에 튀김을 따로 빼놓는 용이랍니다~ 그리고 비니쓴 해주 대박 귀여옷ㅜ❤,fhsrNqV54dM
@yooooond,3,7:37 주하 너무 귀엽 ㅋㅋㅋㅋㅋㅋ눈을 못 떼ㅠㅠㅋㅋㅋㅋㅋ,fhsrNqV54dM
@jardin.delola,2,7:40 이쭈하 어떡해 진짜 말랑콩떡이야,fhsrNqV54dM
@hari_hq,2,해쭈는 진짜 유명한 쿼카이다,fhsrNqV54dM
@youare-myday,2,아너무웃겨뭉티기 한입 하자마자 얼굴반죽 ㅠㅠ ㅋㅋㅋ 이건 진짜야,fhsrNqV54dM
@K_DNA,2,와 알꼬치는 피카츄양념이랑 같은거로 먹어야 제맛ㅠ,fhsrNqV54dM
@tia-t8d,1,해쭈는음식을 정말 맛있게 먹어..ㅠㅠ 너무사랑해해쭈,fhsrNqV54dM
@gooryddong,1,4:32 진짜 쁘큐보이 시댁 배경이 너무 사기임 ㅋㅋㅋ 쭈하 귀여움 10배 상승 효과❤,fhsrNqV54dM
@잠보-x4n,1,잠만.......... 10:50 완전 주하잔아.....,fhsrNqV54dM
@조유리-x3o,1,중간에 보다가 댓글쓰러 옴…55로 시작해서 해쭈님 영상보며 키워온 내 몸무게…이제 65찍는다…근데 해쭈님보면 통통해도 넘 예뿌고 넘 기엽잖아…나도 왠지 살쪄도 괜찮을 것 같고 괜히…해쭈 끊어야 하나 맨날 넘넘 재밌다 영상올라왔다 이러면서 보는데 가만 생각해보니까 끊어야 될 것 같아…이 밤에 영상보고 먹으러 갈 리스트 또 만든다…,fhsrNqV54dM
@mihokono6569,8,何回も見たくなるし聞きたくなる神曲です！,LNETckymbzk
@sserapim,8,LMAO i love how all the members are spying on sion 😭,LNETckymbzk
@쏘쏘-u8v,8,노래가 진짜 신나고 좋드아,LNETckymbzk
@Saku-b2c,7,Lagu nctwish enak enak semuaa 🎉🎉,LNETckymbzk
@lidef520,7,They're so cute,LNETckymbzk
@BabyBread-1811,7,Wishies you guys so talented,LNETckymbzk
@なんともなぁ,7,コメントも大事！シズニがんばろ！,LNETckymbzk
@heyyou2834,7,스엠은 광고 좀 넣어라.,LNETckymbzk
@majinjin8132,7,시원시원하다는 말이 제격인 노래네요,LNETckymbzk
@snowygirlish,7,We can get the whole week clean 1st win sweep next week starting Wednesday pls pls let's stream 🙏🙏,LNETckymbzk
@saksionteam,6,Lets get 1st win,LNETckymbzk
@zahradelimah7228,6,Im still addicted with this song,LNETckymbzk
@키유유-t9g,6,今日も沢山見るぞ！,LNETckymbzk
@AkuGanteng-g3h,6,Siapin amunisi buat vote di idol champ  mnet plus  All chart dn mubeat guys!! Plis menngin mereka,LNETckymbzk
@heartriku,6,poppop,LNETckymbzk
@rainbowseulgi,6,Espero tengan muchos wins  vamos wish!,LNETckymbzk
@まなまな-f9r,6,기분이 밝아지다😊,LNETckymbzk
@jihannanda6055,6,keep streaming guys fighting,LNETckymbzk
@dont-look-down-on-me,6,Let’s get 3M!!,LNETckymbzk
@ngjoey3202,6,SM ENTERTAINMENT'S EMPLOYEES OR STUFFS PLEASE TREAT ALL OF YOUR IDOLS GROUPS ARTISTS OR SOLOISTS FOR BETTER TREATMENTS,LNETckymbzk
@hyunjudy1,822,지옥철 타는 나 천국의 계단 타는 언니...,gz3Lr4Mj4EA
@xtinelee6611,18,현주님 진짜 개그우먼하셨어야하는데.. 너무 아까운 인재예요ㅠㅠㅋㅋㅋㅋㅋㅋ❤,gz3Lr4Mj4EA
@원숭이숭이,8,아 현주디 웃겨죽음ㅋㅋ 너무 현실적이라ㅜ공감도 잘돠고ㅋㅋ,gz3Lr4Mj4EA
@inner_strength_kang,3,목련향 향수 브랜드 뭔지 여쭤봐도 될까요? 궁금해요^^,gz3Lr4Mj4EA
@Pearl-ns1gn,2,언니 근데 현주디 옷 착장하는 거 보면서 떠오른 생각인데 정말 사이즈를 에스 말라말라 인간만 입을 수 있는 거 말고 좀 더 평범한 사람도 입을 수 있게 만드는 것도 좋을 것 같아요. 너무 한정적인 소비층이랄까.. 마르지 않아도 예쁜 옷 입고 싶어요,gz3Lr4Mj4EA
@mc0122,2,향수 뭔지 궁금합니당😊,gz3Lr4Mj4EA
@joozy-sister,2,언니 점점 예뻐진다  ♡,gz3Lr4Mj4EA
@져니킹-z3g,2,아옳이 상의 뭐에요!! 셔츠에 가디건 빨리내놔요 ㅠㅠ 22:51,gz3Lr4Mj4EA
@abce8d,2,17:23  향수 알려주개요ㅠㅠ,gz3Lr4Mj4EA
@cute_sy90,2,17:21 목련향 향수 요거 어디껀가요???😮😮,gz3Lr4Mj4EA
@빅토리-m5c,1,ㅋㅋㅋㅋㅋ 물건 가져가는거 우리 가족들이 우리집 오면 하는거랑 똑 같으셬ㅋㅋㅋㅋㅋㅋ,gz3Lr4Mj4EA
@핑핑이-r4e,1,ㅠㅠㅠ진쨔 둘다 이쁘고 귀엽고ㅠㅠㅠ,gz3Lr4Mj4EA
@lettreton7132,1,3:24 출근 시간 최소화 루틴 처음부터 어색해지는 동생의 삶ㅋㅋㅋㅋㅋ6:45 편의점에서 흥 폭발 셀럽들의 구운 계란 맛 소금ㅋㅋㅋ틈틈이 간식 먹기 진짜 출 퇴근 지하철에서 기 다 빨린다ㅋㅋㅋㅋ😂 13:16 21:21 23:50 동생이 보는 언니 모습ㅋㅋㅋㅋㅋㅋ킹받기 포인트 빨간 눈으로 시작 어후 많이 피곤 하신가봐요T T 영양제라도 잘 챙겨 드세요 허허허 24:57 가장 냉정한 평가 유튜브에서🤖 와우 너무 다른 자매의 삶ㅋㅋㅋㅋㅋ재미있네요 하하호호 다음엔 서로가 꿈꾸는 삶도 찍으면 재미있을 듯 촤라라라🎀✨✨🛍️🛍️⭐️,gz3Lr4Mj4EA
@GorgeouSeoul,1,동생이랑 그보다 더 빅사이즈좀 만들어줘여,gz3Lr4Mj4EA
@이지은-s6e4s,1,악!!!!! 현주디 같은 동네 주민이었네여!!!ㅋㅋㅋ 내적친밀감 또 올라감ㅋㅋㅋㅋ출근시간 역에서 꼭 만나볼 수 있길!!!!!,gz3Lr4Mj4EA
@youtubehi7,1,진짜 미치겠다 ㅋㅋㅋ이언니들 왤케 웃겨 ㅋㅋㅋㅋㅋㅋ진짜 옆집언니들같애,gz3Lr4Mj4EA
@이아-d7j,1,아 진짜 현주디님 너무웃겨요😂,gz3Lr4Mj4EA
@user-gg7gc5te9l,1,향수 궁금해요,gz3Lr4Mj4EA
@전진아-m4i,1,너무 재밌어서 어제오늘 네번째 보는즁... ㅋㅋㅋㅋㅋㅋㅋ ㅇ증말이지 보면볼수록 두분다 귀여워 뭬치겟다요,gz3Lr4Mj4EA
@yyyyoungssi,1,목련향 향수 모에요 ?!,gz3Lr4Mj4EA
@Hyo_LevelUp,215,📍 키워드 골라보기 00:00 인트로 00:22 게스트 소개 02:31 소시 내 베프 조합🥰 09:22 서현의 오픈 카 사랑 11:57 책책책을 읽읍시다📚 13:33 소시 언니들 성격이 보이는 커피차 문구💖 14:35 연습생들 기강잡았서현 16:58 유난히 짓궃었던 소시 17:59 서현 반말모드 직관 19:57 서현 로봇설🤖 21:28 다음생엔 소시 막내 vs 소시 리더? 22:15 한 번 꽂히면 끝장을 보는 서현 27:13 소시 우정반지의 행방 28:28 거룩한 밤: 데몬 헌터스 31:49 다음주 예고 - '반나절 클래스' 반지 공방 편,lD3s-iCAadE
@RiriChi-rt5qb,40,둘이 왜 이렇게 서로 좋아하는지 알겠다 ㅋㅋㅋ 일단 보는 나부터가 불편함이 전혀 없고 계속 웃으면서 보게 됨 ㅋㅋㅋㅋㅋ 너무나 편안하고 재밌는 조합 ㅋㅋㅋㅋ,lD3s-iCAadE
@nnntst,37,이렇게 예쁘면서 착하고 바르고 지혜롭고. 그 와중에 키 크고 늘씬하고 노래도 잘 하는 사람이 어딨냐. 3.1절  광복절마다 꼬박꼬박 개념 제대로인 게시물 올리고. 어떻게 안 예뻐보일 수 있냐. this is why you are loved by lots of people.,lD3s-iCAadE
@csh3102,23,서현이 너무 귀여운데요? ㅋㅋㅋㅋㅋㅋㅋㅋㅋㅋㅋㅋㅋㅋㅋㅋ,lD3s-iCAadE
@Hab_0993,21,둘이 케미 이렇게 좋은지 처음 알았네ㅋㅋㅋㅋㅋㅋ상성이 잘 맞다ㅋㅋㅋㅋ 서현 말 쫑알쫑알 너무 잘해ㅋㅋㅋㅋㅋㅋㅋㅋㅋㅋㅋㅋㅋㅋㅋㅋ,lD3s-iCAadE
@Pawpawdaddy,20,귀여움 ㅋㅋㅋ 소시에서 머 수영 유리 효연은 원래 웃기지만 은근 개웃긴 멤버가 서현 윤아임 ㅋㅋㅋㅋ,lD3s-iCAadE
@다시-t9n,19,선한 사람이 승자라던 서현이 말이 요즘 시대에 많은 가르침을 준다 예쁜데 바르고  솔직히 소녀시대에서 군계일학이었는데 억까당하고 견제당하고 막내라서 고생많았지ㅎㅎ,lD3s-iCAadE
@유해리-t1w,15,서현 진짜 이쁘고 진정성있어보여 좋네요!,lD3s-iCAadE
@268onob,13,세상이 엉망진창이어도 서현이만은 행복하게 살아야 해,lD3s-iCAadE
@kennyvesty3585,13,Seohyun is the example of role model for idol as well as a person. She has raise the standard for mannerism and good images while being an artist in kpop industry. Girls generation overall are the group that sparks the industry so big as it is today.,lD3s-iCAadE
@goodmorning-of6ti,13,너무 사랑스럽네요~ 보면서 입꼬리가 내러오질 않아요ㅎㅎ  서현이의 앞으로를 응원합니다~~~^,lD3s-iCAadE
@sjk2780,12,얼굴도 너무 이쁘고 말투도 너무 귀여워 말도 재밌게 잘하네,lD3s-iCAadE
@치킨-q3u,11,효연 앞에 있으니까 서현 완전 애기애기한 동생이네 ㅎㅎ 쭉 서현 보고 성숙하다고 생각했는데 소시 막내인 게 확 체감되고 여전히 언니 앞에서는 다만세 시절 17살 소녀 같다,lD3s-iCAadE
@GGdle,10,아 ㅋㅋㅋ 진짜 귀여워 죽겠네 ㅋㅋㅋ 괜히 막냉이가 아니구 ㅋㅋ 효여니랑 있을 때 막냉이 더 막냉이같아서 좋아 ㅋㅋㅋㅋ 담주도 진짜 잼나겠다 ㅋㅋㅋ 서주혀니 맨날 나와!! 또 나와!!,lD3s-iCAadE
@user-djd4jsbik9dj,9,서현 효연 사랑스러운 사람들,lD3s-iCAadE
@도전미니텃밭-i5e,9,꺄아아악 둘 케미 너무 재밌다 빵빵 터지네ㅋㅋ,lD3s-iCAadE
@치즈단햄찌,8,우리 막내 너무 귀여운데 어른스럽고 성숙하고 똑부러지고 이런 막내 어디 없어요 엄청 자랑스러워 🥰,lD3s-iCAadE
@b3h2o,8,서현 영화 재밌을거 같아,lD3s-iCAadE
@소원-d4q,8,아 진짜 사랑한다고...💜 내 사랑들 ㅜㅜㅜㅜㅜㅜㅜㅜ 소녀시대 자주 얼굴 비춰줘서 고맙고 감사해요,lD3s-iCAadE
@user-df5fy6uf2d,8,아직도 너무 자랑스러운 최애즈임🩷👍,lD3s-iCAadE
@KSJ1204,648,남동생이랑 세인님 우는 거 보고 나까지 짠해져서 슬퍼짐…,XutkoaeIoLM
@상이-u7q,518,우와.. 두분 다성인되니까 진짜 … 성숙해졌어요 .. 개이뻐들,XutkoaeIoLM
@잉-f1r,396,세인 정민 나 이 셋의 만남 너무 기쁘다...,XutkoaeIoLM
@xxoossuuddaa,218,아니 ㅁㅊ 세인님은 왤케 이뻐지신 거에요 미녀 둘의 만남 진짜 눈물남,XutkoaeIoLM
@눈누-z6m,124,아이고ㅠ 둘다 이제 완전 어른 같아져서 나까지 뭉클함,XutkoaeIoLM
@sleepxtight,86,1:57 ㅠㅠㅠ막내... 변성기 오ㅑ도 여전히 아기야....,XutkoaeIoLM
@김동현-l6e1t,80,어떻게 캠각도가 저렇게나 중구난방인데 모든 각도에서도 이쁘게 나올수가있지..,XutkoaeIoLM
@Qpwodirun,80,세인님 엄청 예뻐지셨다ㅜㅜ,XutkoaeIoLM
@Bori_w,72,2:36 친구도 없는 사람인데 내가 다 눈물남..,XutkoaeIoLM
@eusndidj-o8h,65,민서님 학생시절영상보고 이거보니 너무 슬퍼짐 시간이 왤케 빠르디ㅠㅠ,XutkoaeIoLM
@아이들이영원하다미연,59,친구 우는거 보고 내 눈에서도 눈물이 또르르 🥹,XutkoaeIoLM
@Carrot_jjun,43,동생 우는거 보니까 사이 진짜 좋으신게 다시 한번 실감남..미성년자 출입금지 보고 놀라는거 저도 언니가 성인이라는게 믿기지않아요ㅜㅜ,XutkoaeIoLM
@성이름-e3z9w,43,미친 내 최애조합……,XutkoaeIoLM
@김윤슬-q6m,42,여러모로 대단한 언니... 남동생 우는거보고 저도 울었어요 ㅠㅠㅠㅠㅠㅠㄹㅇ로 너무 귀엽고 착하다..,XutkoaeIoLM
@giantmountainsleeptime,32,아진짜둘조합너무오랜만이라눈물남 엉엉༼;´༎ຶ ۝ ༎ຶ༽༼;´༎ຶ ۝ ༎ຶ༽༼;´༎ຶ ۝ ༎ຶ༽( o̴̶̷̥᷅⌓o̴̶̷᷄ ) ( o̴̶̷̥᷅⌓o̴̶̷᷄ ) ( o̴̶̷̥᷅⌓o̴̶̷᷄ ) 허엉엉으엉엉엉 갸아앙ㅇ헝헝흐앙앙༼ ˃ɷ˂ഃ༽༼ ˃ɷ˂ഃ༽엉엉흐엉어허어엉ㅇ어ㅠㅓ허허허휴ㅠㅠㅠㅠㅎ어어유ㅠㅠㅠㅠ파하규ㅠㅠㅠ༼;´༎ຶ ۝ ༎ຶ༽༼;´༎ຶ ۝ ༎ຶ༽꺼이꺼이,XutkoaeIoLM
@oioOiioOi,26,수쩡세인 조합 드디어😻😻,XutkoaeIoLM
@xhdahwk,25,뭐야 세인님 개이뻐지심,XutkoaeIoLM
@iam_bonobono,23,민서님이랑 세인님  더 이뻐진거빼고는 재밌고 따뜻한 마음은 어디 안 갔네요🎶🥹,XutkoaeIoLM
@worthwhile33733,22,멈췄던 시간이 다시 흐른다....,XutkoaeIoLM
@alwalys-everyday,17,민서언니랑 세인언니 케미가 ㄹㅇ 맛도리임!!,XutkoaeIoLM
@gamoomoo8031,3,경기는 볼카가 이겼지만 싸움은 로페즈가 이겼다,DNsawGr9fZY
@wkj200246,3,로페스 근성은 지리는데 테크닉으로보면 챔프감은 아닌거같은데 볼카도 마지막 너무 도망다니는건 노잼,DNsawGr9fZY
@김민-n5v,3,아 진짜 ufc 애들 너무 잘 싸운다,DNsawGr9fZY
@MC-no8iq,3,확실히 볼카가 클라스가 대단하다. 타이밍과 스피드로 승리를 쟁취해냈다. 대단하다 볼카,DNsawGr9fZY
@user-no9ue8jl4w,2,로페즈는 주짓수 베이스인데 타격 위주로만 경기 하는것도 간지네... 언젠가 챔프 하겠다..,DNsawGr9fZY
@마이클콜레오네-z4o,2,36세 타이틀전의 저주 정찬성 최두호 김대환의 승자 예측 저주 드레이크 배팅의 저주 모두 깨고 챔피언 된 게 더 대단함 🎉,DNsawGr9fZY
@채태풍-i5l,2,볼카는 대단하다는 말밖에 할말이 없는 선수다.리치차이 극복과 경기 운영능력.방어능력.타격능력 뭐하나 빠지지않는 선수다.,DNsawGr9fZY
@dhfemfkr12,2,저렇게 맞아도 안쓰러지고 달려오는데 ㅈㄴ 무서울듯,DNsawGr9fZY
@Cheapskate2025,2,곧 제앙실바가 씹어먹을듯,DNsawGr9fZY
@아르-f6p,1,볼카도 예전같지는 않네...세월앞엔 장사가 없나 아니면 어디가 안 좋은가?,DNsawGr9fZY
@oo-gs5wr,1,디에고 약간 코좀간지네 ㄷㄷㄷㄷㄷㄷ,DNsawGr9fZY
@도산허랑이기운,1,볼카 완승💪💪 믿고 있었다규😂😂😃,DNsawGr9fZY
@Idohungry,1,진짜왕이 없는곳에서는 왕깜이긴하다. 진짜왕이랑 다시붙어도 ko당할것같긴하다.,DNsawGr9fZY
@yaphets-i7x,1,때리다 지치겟다 맷집 ㅈ대네,DNsawGr9fZY
@academian9827,1,와 난 이경기를 보고 디에고 팬이되었다 미쳤다 디에고 짱이네,DNsawGr9fZY
@cooltop,1,로페즈 개멋있다❤,DNsawGr9fZY
@존버하는사람-z1j,1,와 5라운드에 맞으면서 그냥 들어가는거 진짜 무시무시하네,DNsawGr9fZY
@아군이다-w7y,1,도망만 다녔는데 이걸이겨?,DNsawGr9fZY
@889ssc5,1,로페스 5라운드 전진스탭 개무섭네 ㅋㅋ,DNsawGr9fZY
@kna6909,1,아 역시 정찬성이 못했던 게 전혀 아니였다는 게 로페스 그 막강하던 애 상대로도 본인 특유 스타일 타격 저게 통하네;;난 로페스 적어도 차기 챔피언 정도는 가능하다고 봤는데,DNsawGr9fZY
@choidaniel0222,624,지예은 화이팅! 🙆🏻‍♂️ 엠드로 화이팅! 💁🏻‍♂️,Z-bN3iVlRR8
@pluto3775,47,둘이조만간 시트콤나올것같음ㅋㅋㅋ,Z-bN3iVlRR8
@Ash_liee,39,지예은이랑 같이 있으니까 최다니엘 너무 정상 같네ㅋㅋㅋㅋ 똘끼가 묻힘,Z-bN3iVlRR8
@히히용용,19,최다니엘 런닝맨에서는 어벙벙해보였는데 여기선 왜케 섹시하지ㅋㅋㅋ,Z-bN3iVlRR8
@Idol.zipzip,12,다음 게스트 송지효 나오면 좋겠다고 생각하고 있었는데 예고편에 나와서 깜놀 ㅋㅋ 최다니엘 런닝맨 임대 멤버로 진짜 좋은 것 같음 잘 적응 한다면 지예은처럼 고정도 좋을 듯 이 조합 깡깡미가 비슷해서 너무 웃기네 ㅋㅋㅋ,Z-bN3iVlRR8
@클라인-l8l,12,지예은 강훈보다 최다니엘이 제일 낫고 잘맞음,Z-bN3iVlRR8
@슈베르르-i7n,11,무해한 사람 둘 있으니 보는 내가 더 행복하다❤,Z-bN3iVlRR8
@dawn-ko6ty,10,둘이 뭔데 잘 어울리냐ㅋㅋㅋㅋㅋ 뭔가 둘 다 모난 데 없이 동글동글 솔직하고 궁합 잘 맞아보임 그렇다고 노잼도 아니고,Z-bN3iVlRR8
@mudofdh,9,둘이 너무 잘어울린다,Z-bN3iVlRR8
@5j_x_y,7,최다니엘 임대멤버로 들어오고 런닝맨 다시 보기시작했는데 이둘이 앞으로 뭔가 남매 컨셉으로 가고 그럴거같아서 재밌을거같음ㅋㅋ기ㅣㅣㅣㅣㅣ,Z-bN3iVlRR8
@adfh1224yfige,6,인급동에 지예은이 3명이나 있네 지멋대로식탁 런닝맨 달려라석진,Z-bN3iVlRR8
@주먹왕강인,5,4살때 어머니 돌아가셨다고하고 고래밥으로 밥과 먹었다고 하는 얘기를 저리 잔잔하게 얘기해주니 더 좀 마음이 아프다,Z-bN3iVlRR8
@주먹왕강인,5,최다니엘 엄청 스윗하네 예상밖인데 엄청 맞쳐주네 양세찬은 구박만 엄청 받았는데 다니엘은 뭔가 잘맞네 사주에 일로 만난 사람과 연애운이 있다는데 그게 최다니엘같네 양세찬은 안어울리고 다니엘과 어울린다,Z-bN3iVlRR8
@Ekqmfl-c5g,5,또 인급동이네 ㅋㅋㅋ 추카추카,Z-bN3iVlRR8
@공일공-o7y,5,ㅋㅋㅋ 최다니엘 진짜 너무 좋아!! 멀쩡하게 생겨서 엉뚱미 ㅋㅋㅋㅋㅋㅋㅋㅋㅋㅋ,Z-bN3iVlRR8
@Forever-um5gn,4,둘 케미 의외로 좋음ㅋㅋ이렇게 빨리 친해질 줄은 몰랐음ㅋㅋ,Z-bN3iVlRR8
@재미따-c3h,4,여기서 최다녤씨 초반에 지붕킥 지훈씨같.  ❤말할 때 상대방 보는 눈빛도 넘 자상스윗+목소리도 넘 좋다. 덩치는 대형견같고ㅜ 빙구미에ㅠ 귀여어ㅠㅠㅠㅠ,Z-bN3iVlRR8
@Kim-no6hq,4,두 분 ᆢ.너무 잘 어울려요❤,Z-bN3iVlRR8
@정혜영-b9x,4,이 둘이 같이 살았다간 무조건 엉망진창이야 무조건이야ㅋ 😂,Z-bN3iVlRR8
@sojungpark1558,4,담주 송지효다! 오늘 첨 봤는데 기다려지네요. 지예은  최다니엘편도 재밌게 봤어요.,Z-bN3iVlRR8
@laurasplaylist816,155,나 며칠째 이 노래에 갇혀 사는 중..,N_vYUNEktsA
@canyone358,88,너무 음악이 아름다워서 하던 일을 멈추고 커멘트 남깁니다. 멋진 음악 감사합니다!,N_vYUNEktsA
@bryanglot2195,11,This song will skyrocket one day  I am sure of it!,N_vYUNEktsA
@CrgOppenHeimer,10,1:59 이런 악기로 이런 모던한 음꺾기를 구사하다니 당신은 최고야,N_vYUNEktsA
@TAYTENNH1987,8,It’s kinda looks like the intro for a anime,N_vYUNEktsA
@Kwon_Incisor_Tooth,7,1:21 이게 캐릭터가 귀엽고 여우신 음색 좋은거 뿐만 아니라 노래가 사운드가 풍성하고 중독성이 지림;; 계속 듣는중 ㅋㅋㅋㅋㅋㅋ,N_vYUNEktsA
@Arusuonus,6,노래도 중독성 있고 좋은데 뮤비가 너무 귀여움ㅋㅋㅋㅋㅋ 특히 후렴구가 통통튀는 노래에 맞게 뮤비도 통통튀는 느낌이라 더 중독성 있는 것 같음,N_vYUNEktsA
@Sri_I,5,서브컬쳐도 좋아하고 하우스도 좋아하지만 도리도리 활동 후엔 이진아  애런  JUNCOCO와 협업했을 때 느꼈던 요소가 많이 줄어서 아쉬워요.. 껍데기 사운드는 TAK 느낌인데 알맹이가 옛날 보컬로이드 풍.. 이번 노래는 kpop적인 음악구성  서브컬쳐  빠른 bpm하우스  일렉팝  한국적인 악기 등 너무 다양한 시도를 하지 않았나 생각해요 (레몬메론쿠키는 듣기 너무 좋았음),N_vYUNEktsA
@paka-1,4,자기 전 듣기 가장 좋은 노래,N_vYUNEktsA
@asyn6669,4,shibuki voice so cuteeeeeeeee,N_vYUNEktsA
@dkyoutube4345,3,1.뮤비랑 캐릭터가 너무 귀여움 2.미친 퀄의 자막 3.부키땅의 중독적인 음색   개띵곡임 계속 보고 들어도 안질림,N_vYUNEktsA
@sigmchi1,3,이 목소리로 부르니까 겁나 트렌디한 동요느낌이네 ㅋㅋㅋㅋㅋ,N_vYUNEktsA
@InkyTheDem0n,3,I LOVE THISSSSS,N_vYUNEktsA
@TAYTENNH1987,3,I’m sorry this comment is 47 hours late☹️,N_vYUNEktsA
@janettplanett,2,your songs are laced with some kind of drug I cant THEYRE TOO GOOD,N_vYUNEktsA
@펌썸,2,난 이런 뮤비 디테일 좋더라 뭐 노래는 당연히 좋을 수 밖에 없지 상상이상으로 좋긴 한데,N_vYUNEktsA
@뭘꼬라보노,2,1:21 pc크롬에서 영상을 보면 자막에 '연회의 시작이다' 글자 흔들리는게 잘 보이고 이후에 그으으으음 이랑 으으으으은 할때 글씩가 점점 커지는거 잘 보이네요 보면 볼수록 자막 디테일들이.. 와...,N_vYUNEktsA
@hanabi-bi,2,3:04 으ㅏ 마지막에 귀 간지러워라,N_vYUNEktsA
@성이름-g6p6t,2,무궁화. 우리나라 꽃 피고  지고  다음날 다시 피는  내가 제일 좋아하는 꽃,N_vYUNEktsA
@thepioneer0217,2,국악의 요소를 차용한 동인음악이라는 점이 너무 매력적인 것 같네요. 항상 맛있는 음악 들고 와주셔서 감사합니다🥰,N_vYUNEktsA
@whyjh-e1z,8,그러면 앞으로 채널명을 쫀떡카스테라로 바뀔 수도..?,s9EaUkYt0Vs
@ColorCloset-f5e,8,진짜 애기들 너무너무 귀여워서 심장 녹을 뻔 했어요… 조심조심 걷는 모습도  서로 따라다니는 모습도 하나하나가 다 소중해요 🥹💕 쫀떼기랑 아깽이들 사이가 점점 가까워지는 것 같아서 보는 내내 흐뭇했고  앞으로의 케미가 더더 기대돼요! 영상 올려주셔서 감사합니다  오늘도 덕분에 힐링 제대로 하고 가요!,s9EaUkYt0Vs
@byul_1004,6,카스테라 둘 다 너무 귀엽네요❤❤ 주둥이 점박이가 진짜 매력적이에요❤️😍😍,s9EaUkYt0Vs
@럽야-s8p,5,6:05 아니 요 쪼꼬미가 그루밍을ㅋㅋㅋㅋㅋㅋㅋㅋㅋㅋㅋㅋㅋㅋㅋㅋㅋㅋㅋㅋㅋㅋㅋㅋㅋㅋㅋ 알고리즘 타고 들어온 형제냥 집사인데 동반입양은 정말 최고의 선택입니당    👍,s9EaUkYt0Vs
@제주감귤-v2w,5,왜 품종묘만 입양하고 못생긴 길고양이는 입양을 안할까 참,s9EaUkYt0Vs
@mingcocong,5,집사님들께서 물론 엄청 신경쓰고 애써주시겠지만 외동냥이 7년차  쫀떡이가 스트레스 안받고 행복한 합사가 이뤄지길 바랄게요🫶🏻😻🫶🏻,s9EaUkYt0Vs
@JwinJ,5,저도 결혼전 강아지들만 키우다 결혼후 처음으로 고양이 집사하는데 저희도 외동냥이거든요.호떡씨의 결심이 얼마나 고마운건지 저도 크게 공감되어요~집사님 두분도 건강하시고 쫀떡이 카스테라랑 행복하세요~^^,s9EaUkYt0Vs
@사랑-e2j,5,애기들 너무 귀여워요ㅜㅜ 2탄 기다렸는데 보니 너무좋아요 3탄이 궁금해요ㅋㅋㅋ,s9EaUkYt0Vs
@yeolimbolimjun1133,5,쫀떡이 너무 미묘네요~~ 카스테라도 너무 사랑스러워요 ㆍ합사가 잘이루어지길 바라겠습니다 ~~😊😊😊😊😊,s9EaUkYt0Vs
@크림-c2o,5,애기냥들 입무늬 어쩔거냥❤,s9EaUkYt0Vs
@MyName_mua,5,쫀카테 행복하자~😍💕,s9EaUkYt0Vs
@김혜림-g3b,3,핪사 하실때는 쫀떡이가 하약질 해도 혼내지 마세요 카스 타라랑   서열 정리하는거에요 하지만 너무 심하게 싸우면 말리시는게 좋아요 그리고 하약질해도 계속 같이 놀아주세요 그게 제일 빨리 친해질수 있어요 저도 그렇게 합사 했어요 불리도 안했어요 같이 생활하고 하면 빨리 합사되요^^ 저희 고양이가 순해서 통한 방법일 수도 있어요  시도 해보시는것도 괜찮을것 같아요 참고로 저희 고양이는 첫째는 10살 둘째는 9살 셋째는 8살 넷째는 5살 다섯 여섯째는 4살😮 일곱 여덟째는 1살 아홉째는 6개월정도 됐어요,s9EaUkYt0Vs
@아름다운세상-v5b,3,카스 테라 둘다 입에 뭐 묻은거마냥 너무 귀여운 입이네요^^,s9EaUkYt0Vs
@user-hg5wq7bo2l,3,애기냥 두마리면 조회수 올리기 좋지,s9EaUkYt0Vs
@catvideostep,3,1:14 고양이 두 마리가 너무 귀여워서 밥먹고 있어요,s9EaUkYt0Vs
@hyy2263,3,애기들 어뜩해요 ㅜ 어쩜 저리 귀여워요 ㅠ❤,s9EaUkYt0Vs
@4157lica,3,색만 다르고 똑같이 생겻어 ㅋ,s9EaUkYt0Vs
@잼파르타,2,강한책임감 평생하고자는계획들이필요하니 ᆢ에휴 저도 지금너무많은고민중,s9EaUkYt0Vs
@Pangloadmairne,2,유튜브 소재도 더 나오고 좋은 거 같습니다,s9EaUkYt0Vs
@Sosomyung,2,쫀떡이가 벌써 묘생 칠년차라니…… 어케 나이를 먹어도 눈이 조래 말똥말똥 예쁠까요 울 으르신 이제 애기들이랑도 사이좋게 행복하게 지내길!!!,s9EaUkYt0Vs
@plan_d,160,🌷 @_plan_d https://www.instagram.com/_plan_d/ 안녕하세요 여러분  이번 영상은 한번 나간김에 미팅  동대문  꽃시장 들렀다 오는 일상을 담았어요 오랜만에 봉숙씨랑 작은 소품도 만들고 재밌었습니다☺ 아직 날씨가 변덕스럽네요  감기 조심하시고 이번 영상도 편히 봐주세요💐  Hello everyone!  This video captures a day out where I had a meeting  visited Dongdaemun  and stopped by the flower market! It was fun to make some small items with Bongsuk again after a while!☺ The weather is still unpredictable   so please be careful not to catch a cold and enjoy this video!💐  皆さんこんにちは  今回の動画は一度の外出でミーティング、トンデムン、花市場に行く日常を撮りました 久しぶりにミシンさんと小さな小物も作って楽しかったです☺ まだ天気が気まぐれですね 風邪に気をつけて今回の動画も気楽にご覧ください💐,D3csOwDDWcY
@Siah-jn9ep,9,어떻게 이렇게 뭐든 뚝딱뚝딱 잘하시는건지ㅠ 진짜 돈많은 부자들보다 훨씬 부럽고 멋진 삶을 사시는 것 같네요 응원하겠습니다❤,D3csOwDDWcY
@hyunlee5192,7,안녕하세요~~미국온지 언 20년 코로나 이후로 한국 방문을 못했는데 소실적 의류쪽 일을 해서 누비고 다니던 동대문 시장을 보니 마음이 뭉쿨 너무도 가 보고 싶어 지네요 영상도 재밌게 잘보고 항상 응원 합니다~~,D3csOwDDWcY
@Kat-Crox,7,The video was perfect timing!  I watched this morning and then went to Dongdaemun  in one door and out the west side B doors.  I found both of the food vendors.  The sandwiches were amazing ~ especially the bread.  We enjoyed them on a short wall hike.  Once we returned to our hotel we tried the Dream King Hot Bar.  Wow!  I knew to take sauces  thank you!  I liked the Thai chili sauce best.  Next time you shop Dongdaemun ~ could you include the numbers of the shops?  I look forward to your next video :),D3csOwDDWcY
@SueliPazinato,3,Seu trabalho é incrível. Amo ver sua culinária  e a plantação caseira . É tudo lindo  agradável e feliz. Obrigada por compartilhar um pouco de sua vida e rotina.,D3csOwDDWcY
@kehcat1,3,Dear Plan D  I hope your health is good.  I am always thinking about you and wishing the best for you  your family and little Ppomi.,D3csOwDDWcY
@vvz-tp4jg,3,진짜 전부터 영상 볼때마다 느낀거지만 너무나도 대단한 금손이세요 똥손으로써 너무나도 존경합니다 완전 신기해요 🧡🧡,D3csOwDDWcY
@NyangNyam,3,쬰쬰쬰쬰 젤리존재감 뿜어내면서 오이먹는거 넘귀엽.....인형이야 뭐야진짜🥹🥹❤,D3csOwDDWcY
@구리너-w9c,2,0:20 뭐야 ㄷㄷ 진짜강아지인줄 ㅠㅋㅋㅋ,D3csOwDDWcY
@southerncaltattooedbiker3643,2,You are so creative I love the tissue and toilet dog you made 🩷,D3csOwDDWcY
@Maviipandaa,2,Greetings from Türkiye🇹🇷❤❤,D3csOwDDWcY
@콩국산,2,아니 못하는게 뭐야 부럽당,D3csOwDDWcY
@anagpr9701,2,I love your videos... Greetings from Mexico 🇲🇽,D3csOwDDWcY
@세상에하나,2,매번 재미있게 보고 있어요. 요리 정말 본받고 싶습니다~^^,D3csOwDDWcY
@Elephantbagle,2,남편이랑 싸우고 힐링은 언니 영상으루해요 ❤❤ 행복해짐 😊😊,D3csOwDDWcY
@sumilee8979,2,요리도 척척이지만 원단으로 완성품 만드는게 척척이라 넋 놓고 봤네요~~ 당근 가는 기계 이름이 보는 내내 궁금해 함 여쭤 봅니다~  이사후 집안 정리할때도 놀랍도록 척척 이라 부러웠네요~~,D3csOwDDWcY
@햇빛나무-z5e,2,와 제발 팔아주세오ㅠㅠㅠㅠ너무 이뻐요ㅠ,D3csOwDDWcY
@jaeilkim9789,1,당근체써는기계브랜드가뭔가요~~~,D3csOwDDWcY
@rosineyl3691,1,Très mignon porte papier toilette  vous êtes très  habile en couture 👍👍.vidéo bien remppli réunion marché repas magasins de belle trouvaille. Merci du partage 👍👍👍❤❤❤🙏🙏🙏,D3csOwDDWcY
@ИринаПлахотник-ч4ч,1,❤❤❤❤,D3csOwDDWcY
@jjung79,25,동생분이 행복해? 라는 질문이 참 듣기 좋습니다. 햇살보다 눈부신 가족.❤,wzm7qleUAk8
@ICH-p5k,5,베스트 드라이버 수빈씨! 짱 멋지고 아름다우세요! 늘 응원하고 기도하고 있어요! ^^+,wzm7qleUAk8
@주연-u8m,5,가족 구성원들  각자가 1인분 이상의 역할을 잘하고 계신 것 같아요. 진짜 너무 부럽고..이상적인 가족 ! 😊 서로 말도 너무 따뜻하게 하시는 것 같고.. 가족들 웃음 소리가 듣는 저도 같이 행복해지는 것 같아요ㅎㅎ 가족들 말투나 태도 등을 보면 배려가 기본값인 것 같아요ㅠㅠ 넘 부러워요.. 제가 가족들에게 하는 말이나 태도를 돌아보게 하는ㅠㅠㅠ그런  가족들🫶🏻,wzm7qleUAk8
@쩡양과최군,3,휠체어 소리 신경쓰는 수빈님.. 모두 날 위해 기다려줌에 미안해하는 할머님... 남을 위한 배려가 깔려있는 가족..모두 사랑입니다♡,wzm7qleUAk8
@autumn3584,3,아름다운 계절  아름다운 가족보며 기분 좋은 하루입니다! 수빈님 날 좋을 때 해 많이 쬐시고 행복한 순간 순간 보내세요! ㅎㅎ 마늘빵 너무 맛있겠어요 오픈하면 한 번 꼭 가볼게요,wzm7qleUAk8
@dyjung7007,3,수빈님 아이템들 너무 예뻐요 ㅎㅎ 츄리닝도 노란 옷도 ㅋㅋ 너무 예쁜 수빈님!! ❤,wzm7qleUAk8
@pjk1020,3,가족분들 모두가 가족을 생각하는 마음이 너무 예뻐요~ 본받을 점이라 생각하고 올려주시는 영상 항상 귀한 마음으로 잘 보고 있습니다💕,wzm7qleUAk8
@dasoljung9538,3,오늘도 따뜻한 수빈님 가족❤️ 더 건강해지길 기도할게요! 늘 웃음넘치는 가족 보기좋아요😍😍,wzm7qleUAk8
@damiyanim,2,할머님 건강하세요🎉🎉  수빈씨 멋진 발이 생겼네요 산책 많이 하시고 행복해지세요❤ 어머님 수세미 탐나는걸요 ㅎ 갈릭보이 대박나라!!!!,wzm7qleUAk8
@봄봄-r3k,2,어머 나 미쳤나봐...전동 휠체어 타고 아이처럼 행복해 하는 모습 보면서 왜 울고 앉았어ㅠㅠㅠㅠㅠㅠㅠ,wzm7qleUAk8
@hyunjoojang1269,2,전동휠체어 항상 조심히 타세요❤ 하늘색 집업세트 너무 이쁘네요~ 빵집 오픈하면 가족들이랑 꼭 가볼게요!!!,wzm7qleUAk8
@반짝반짝나비,2,행복해하는 모습에 제가 다 행복해요~~~^^안전운행 하세요~~,wzm7qleUAk8
@jesong1209,2,전동 휠체어 넘 좋은데요?! 수빈님 표정이 확 폈어용❤ 초보운전이니 조심하시구 벨트 꼭!! 하셔요! 오늘도 소중한 일상 공유해줘서 고마워요 🌸💓,wzm7qleUAk8
@순이엄마-b2e,1,삐루는 역시 언니바라기구나~~~ 어머님이 목줄 하셨는데도 휠체어에 꼭 붙어서 걷네 귀요미,wzm7qleUAk8
@쪼메라이언,1,항상 와이프가 보고있습니다~저도 이젠 구독하고 보려구요^^자동 힐체어하니 다들 넘 편해보여서 좋네요~아드님 가게도 좀 한가해지면 방문하겠습니다~번창하실길 ~❤❤❤❤❤❤❤❤❤❤,wzm7qleUAk8
@user-young000,1,수빈님 혹여나 휠체어 소음은 신경도 쓰지 마세요🩵 전혀 거슬리지 않는 정도의 소음이고  수빈님의 자유로운 움직임을 위한 소리라는거 알면 누구도 예민하게 굴지 않을거에요!  이런 좋은 기술이 있다는게 감사할만큼 작은행복을 크게 느끼는 수빈님 예뻐요💜,wzm7qleUAk8
@olivia-fi4rd,1,너무 힐링돼요.. 건강해지셔도 유튜브 계속 찍어주실꺼죵^^❤,wzm7qleUAk8
@정민우-d5k,1,할머니 유전자를 받으셔서 어머님 따님이 참 고우시네요😊😊😊😊,wzm7qleUAk8
@handleno,1,갈릭보이가 집근처라 기대가 되네요☺️ 벌써 다음주가 오픈일인데 힘내세요😘,wzm7qleUAk8
@rkgml4558,1,이 영상에선 뭔가 남동생 분 목소리가 엑소 카이같아여ㅋㅋㅋ물론 제 개인적인..ㅎ,wzm7qleUAk8
@dragonizi,122,🎁구독자 이벤트🎁 1. 채우닭 전제품 10% 할인(단 7일 오픈  ~04.22) 아래의 링크로 로그인시 쿠폰 자동발급 돼요! https://bit.ly/4lAr8nq  2. 채우닭 식단풀패키지 선물세트 (5명) 이자반과 함께 채우닭으로 식단 시작하고 싶은 분들은 댓글로  채우닭 식단템을 받고 싶은 이유를 적어주세요!  5분 추첨하여 채우닭 풀패키지 선물세트를 보내드립니다!  오늘도 영상 봐주셔서 감사랑합니다. 함께 다이어트도 성공하고  늘 행복하세요 여러분..!!!!,JNgap8yvXYk
@iab9789,3,겨울동안 춥다고 두꺼운 옷을 입는다는 핑계로 먹고싶은거 다 먹고 또 먹고 늘어져서 드러눕고... 그러다보니 정말 살이 많이 쪘어요ㅠㅠㅠㅠ 이제는 옷이 가벼워지고 앞으로 더욱 가벼워질탠데 이제라도 식단을 하면서 그동안 쪘던 살과 안녕~ 하고싶어요! 지난과거를 반성하며... 채우닭으로 식단도하고 운동도 하면서 다시 건강했던 과거로 돌아가고싶어요!😊,JNgap8yvXYk
@meiatthae,2,자반아 (반말 좀 할게) 나 대학원생인데 나도 번아웃으로 최근에 좀 힘들었다. 안좋은 생각도 많이 하고 출근하면서 울고 도착해서 울고 교수님한테 꾸지람듣고 울고 자퇴도 생각했었다. 그래도 현실이 나를 붙잡아서 어찌저찌 출근을 했고 다시 일하다보니 점점 돌아오더라 그리고 힘든 고비도 지나가더라. 그런데 대학원 오기 전에는 운동도 취미 붙여했었는데 요즘은 아예 못하고 있다. 피곤한 것도 사실이지만 예전만한 열정이나 의지가 없었던 것도 맞는 것 같다. 이 댓글을 읽을지는 모르겠지만 그럼에도 쓰는 이유는  네 영상이 퇴근하면 지쳐서 잠들어버리는 나를 짧게나마 움직여 운동하게 했다는 걸 알려주고 싶었다. 자반이가 닭가슴살 먹고 운동하는 모습보며 나도 같이 짧게 운동했다.  그게 뭐 어쩌라고 싶을 수도 있지만.. 나에게는 의미가 있게 다가왔다. 사실 자반이도 알겠지만 운동 좀 해봤으면 자반이의 초반 20일은 쟤 뭐하나  싶은 생각이 들 것 같다. 나도 그랬다. 그렇지만 스스로를 다잡아가는 모습을 여실없이 보여줘서 좋았다. 좋은 부분만 다듬어 보여주지 않아서 더 와닿았다. 자반이의 영상과 목소리에는 힘이 있다. 네 힘이자 장점은 그런 거라고 생각한다. 사람들이 너로부터 힘을 얻고 칭찬하는 부분은 자반이만의 무언가에서 비롯된다고 생각한다. 부디 실망치 않게 뚝심있게 걸어나가줘라. 잘 커라. (아직 자반이 어리다..!!!!) 시간은 많고 자반이를 스쳐지나갈 힘든 일들도 함께 이겨나가고  행복한 일은 더 행복하게 보내자.  응원한다 자반아,JNgap8yvXYk
@deepjinns,1,사회생활 이것저것 부딪히면서 더럽고 힘든 현실에 익숙해졌다해도  서른 넘은 지금도 또 딜레마나 번아웃은 꼭 생기는데... 나보다 어린 사람이 더욱더 현명하게 번아웃을 이겨내고 스스로 극복하는 모습에 내가 너무 부끄러워짐    한명의 구독자로서 저도 번아웃 잘 이겨내려 노력해볼게요 모두 화이팅..!,JNgap8yvXYk
@아이-q9q,1,자반쓰처럼 다이어트까지는 아니더라도 유지어터를 위해서 받고싶습니다😊,JNgap8yvXYk
@변예은-o3t,1,지엘틱정 드셔보세여 식욕 잘잡힘,JNgap8yvXYk
@지은-l7j,1,진짜 개멌있다,JNgap8yvXYk
@룰릴룰,1,결혼준비하려고 이제 다이어트를해야하는데 자반님보면서 용기를내보겠습니다  저도 채우닭을 받아 열심히한번 해보고싶네요!,JNgap8yvXYk
@vlone_8684,1,돈없는 자취생은 다이어트 때 닭가슴살 많이 시켜두기도 부담스러웠는데 맛보고 싶어요ㅜㅜ,JNgap8yvXYk
@아리스토텔레스-c8e,1,저도 가족과 같이 사는데 항상 냉동실 자리가 부족해서 핑계지만 다이어트 엄두가 잘 안나네요ㅠㅠ 저도 자반님 같이 이번 여름은 나시 좁 입고 싶어요ㅠㅠ 고생 많으셨습니다!,JNgap8yvXYk
@owo22-owo,1,저도 요즘 살 많이 붙어서 회사 다니면서 편하게 식단 하고 싶네요! 살 빠지니까 확실히 인물 사네요 자반님 히히    유튜브도 항상 잘 보고 있습니다 100만까지 화이또~~,JNgap8yvXYk
@hihihihudoh2,1,지금 다이어트 하고있는데 영상 보고 자극 엄청 됐어요🥵 대학교 기숙사 생활 하고 있어서 냉동 다이어트 식품을 사둘 수가 없는데 채우닭 제품들은 실온 보관이라 기숙사에서 먹기 너무 좋을 것 같아요…💗 암쏘간절해요저아님안돼요,JNgap8yvXYk
@dddongg,0,이자반도 하는데 저도 다이어트 시작할게요,JNgap8yvXYk
@으이-t4z,0,학기 시작하고 자취하면서 체지방만 엄청 쪘어요... 반찬으로 쓸만한 것도 마땅치 않은데 이 채우닭과 함께 다시 몸을 만들어가고싶습니다,JNgap8yvXYk
@인가니이,0,네.. 지갑이랑 사이가 안 좋아요 ㅠㅠ 다이어트 중인데 월화수 풀강이라서 점심을 학교에서 먹는데 시켜 먹는 거 일단 돈 많이 깨지고 싸가는 것도 한두번이지 계속 하려니 귀차니즘에 잠>>>>>밥으로써 대충 햇반에 닭가슴살 들고 댕겨요.. 하하 이것도 계속 주기적으로 사야하니까 생각보다 돈이 나간답니다… 채우닭으로 간편하게 그것도 전자레이지도 필요없아 와… 자취생으로써 너무 편해 너무 좋아 그것도 실온보관이라니 완벽.. 냉동실 자리 없는 완벽자취맞춤이네여ㅠㅠ,JNgap8yvXYk
@xxIwu2,0,형님 줄넘기가 유산소 고트입니다 참고하셔요,JNgap8yvXYk
@김설-e5b,0,요즘 번아웃 와서 다이어트로 극복 할려 하는데 이거 보고 더 동기부여  확 되네요 자반님은 진짜 본 받을 사람 입니다 ㅠㅠ 헬스장 운동 루틴도 좀 알려주세요 저도 가슴 때문에 고민이라 남자인데,JNgap8yvXYk
@rug_man,0,안녕하세요. 러그맨입니다. 닭이랑 러그랑 바꾸실래요?,JNgap8yvXYk
@youtuuu-bx2qq,0,다이어트하는 30일이 완벽하기만한게 아니라 늦잠도 자고 운동을 못가기도하고 어느날은 많이먹기도하지만 그럼에도 불구하고 포기하지 않고 끝까지 완주하는게 현실적이면서도 아무나 할 수 없는 일이라 더 멋지네요 원래 댓글 잘 안다는데 너무 감명깊어서 남겨요 늘 잘 보고있습니다 저도 수없이 무너져도 끝까지 달려가야겠다는 생각이 드네요 감사합니다! 😃,JNgap8yvXYk
@tae_kk_.2,0,저도 진심으로 다이어트 도전해보고 싶습니다! 요즘 다이어트는 장비빨이라는 말도 있더라구여!! 맛있는 식단 먹으면서 건강하고 다이어트 하고 싶습니다! 항상 응원합니당!,JNgap8yvXYk
@mingiamy,25,안녕하세요! 저는 중학교 2학년 도덕 수업 과제로 선플 달기 챌린지에 참여하게 된 둔촌중학교2 학년 학생입니다  프응님 영상을 보기 전에는 꿀벌에 관심도 없엇는데 프응님 영상을 보면서 꿀벌이 가진 의외의 귀여움(?)을 알게 되었고 벌들도 가출을 한다는 것이 신기하고 다시 집으로 데려오려는 과정을 재미있는 자막과 같이 영상으로 담아주시는게 좋습니다. 프응님 앞으로도 건강하고 오래오래 재미있는 벌 이야기들을 많이 영상으로 만들어 주시면 감사하겠습니다❤❤❤: ),6keWS815RAM
@Hyeokjin-y4e,5,안녕하세요  벌집꿀 양봉업자 박혁진입니다 행님 분봉나면 바로 소문 닫고 지켜보시면 좋아요~ 여왕벌 아직 안나간 분봉상태면은 일벌들 다시 들어오고 내검 해주면 편해요 저도 그렇게 해서 몇통 살렸네요 ㅎㅎ,6keWS815RAM
@man_in_red_,2,난 시작부터 어 안돼 로 시작하는 영상이 그렇게 좋더라 ㅋㅋㅋㅋㅋㅋ,6keWS815RAM
@jessie-so1nv,1,https://youtube.com/channel/UC6NEHti6KiQJUDFHmqKW58Q?si=pG288h8uWe14agX5. 이분 말벌애벌레 미어캣 식사로ㅠ주시던데 태우지말고 미어캣  먹이로 좀 나눠주세요 ㅎㅎ 프응님❤,6keWS815RAM
@CSDM0,1,여기가 분봉이 난 성지 라는 소문을 듣고 댓글 남기고 가서 분봉 파티 하겠습니다. (위이이이이잉),6keWS815RAM
@이재훈-n8b,1,매번 똑같은 소재지만 볼 때마다 새롭고 재밌네 ㅋㅋㅋㅋㅋㅋㅋ,6keWS815RAM
@멍뭉이-i3p,1,전부 분봉나면 앞으로 분봉날일없을땐더,6keWS815RAM
@천사의축복-u9f,1,근데 너무 유튜브만 하시는듯 분봉이 저리 자주 나는거 보면 평소 벌통 관리 잘 안하시는듯 본업 충실 하시길ㄷㄷ,6keWS815RAM
@deagwon,0,..를 석방하라!,6keWS815RAM
@raison03,0,김존말벌씨랑 언제합방하시죠,6keWS815RAM
@m_sh_oh,0,We go bee 군요,6keWS815RAM
@달리머넷dal8net,0,김좀말벌씨와 프응님의 빠른 만남 기원합니다.,6keWS815RAM
@challo9427,0,여러 영상을 보고 느낀 점 ... 프응은 허당의 고수,6keWS815RAM
@ants33333,0,양봉 내검을 똑바로 안한자의 모습,6keWS815RAM
@user-ld2su3ny9j,0,분봉 참을 수 없지ㅋㅋㅋㅋㅋ,6keWS815RAM
@사랑-t7b,0,날이 갑자기 추워졌는데 벌들은 괜찮은지 걱정되서 와보았네요,6keWS815RAM
@Ghost_reportin,0,역시 봄에는 분봉이지 ㅋㅋㅋㅋㅋㅋㅋㅋㅋㅋㅋㅋㅋㅋ 결국 나간 무리는 아깝네... 하나라도 잡아서 다행이다,6keWS815RAM
@wizimam,0,우박으로 꿀벌들이 많은 꿀벌들이 동사했다는 이야기듣고 걱정이되어 와봤습니다,6keWS815RAM
@댄디-v3v,0,부산동래구 입니다,6keWS815RAM
@댄디-v3v,0,꿀벌 수거해주세요,6keWS815RAM
@ON팬-프라임VIP-I9금채널,1142,*"완전 대박이네요! 이정후의 끝없는 열정에 박수를 보냅니다. 더 멋진 모습 기대할게요!"*,DzESgrdXK7U
@1_.-9-.금채_.널._온팬스,1124,*"이정후의 활약은 정말 미쳤어  진짜 대박이야! 계속해서 이런 모습 보여주길 바라."*,DzESgrdXK7U
@glglg-m6c,47,이게 그냥 홈런 3개가 아니라 특히 오늘 때린 2개의 홈런은 그냥 이정후 혼자 팀을 승리로 이끈 슈퍼스타급 활약이어서 호들갑을 안떨 수가 없지.. 그것도 양키스 상대로 이건 진짜 미친거임,DzESgrdXK7U
@신미호-d8g,27,만세 만세 대한민국 만세ᆢ고맙습니다 한국의 건아 ❤,DzESgrdXK7U
@애플망고-l3v,24,나라가  힘들때 꼭 운동 선수들이 국민의 사기를 높여주었다  앞으로 쭈~~~욱 활약 부탁함,DzESgrdXK7U
@쿵푸케니,22,자다 깨서 6회부터 봤는데 바로 소름 돋음 ㅋㅋㅋ 유튭 쇼츠에서 방금 홈런 봤는데 연타석 홈런 ㄷㄷ,DzESgrdXK7U
@애너벨리-a,13,연타석 홈런도 대단하고 벌써 쓰리런이 두개야~~~너무 멋집니다 대한민국의 이정후~♡♡,DzESgrdXK7U
@eyeswideopen3218,11,맞아요  저도 애전저지 머리위로 두방이 날라간거... 그게 아주 의미있게 느껴졌습니다.,DzESgrdXK7U
@상가전문부동산마켓,5,옆나라 오타니 때문에 너무 부러웠는데~ 정후님이 더욱더 성장하길!!!🎉,DzESgrdXK7U
@Kim-tq6jj,5,한국인의 긍지,DzESgrdXK7U
@잘살아보세-w5u,5,메이저 대표하는 팀과 경기에서 그리고 전국방송에서 이런 대박경기를.... 이젠 이정후선수에 인기는 하늘을 찌르겠네요...ㅋ,DzESgrdXK7U
@yeosumania,4,우리는 지금 이정후 시대에 살고있습니다 👏👏👏,DzESgrdXK7U
@정기화-x4s,4,이정후 .3개의 홈런을 ....바로 눈앞에서 직관한.... 애런 저지가 ...넘 부럽다. ㅋㅋㅋㅋㅋㅋㅋㅋㅋㅋㅋㅋㅋㅋㅋㅋㅋ.,DzESgrdXK7U
@박진우-l2c7b,4,우리 광주기아의 자랑 이정후선수 항상 응원합니다. 👍👍👍,DzESgrdXK7U
@임임종후,4,정후야 니땜시 살어야!,DzESgrdXK7U
@energeticianable,4,처음에는 절롸도  새ㄲ라서 재수없다 생각했는데 세계 최고 리그에서 너무나 잘해주니 고맙고 행복하네.  정후. 아프지말고 오랫동안 야구 잘해라.,DzESgrdXK7U
@dougk4311,4,첫번째 홈런 406ft(약124m) 홈런이 메이져리그전체구장 30개중 딱1곳만 안넘어가는데 그곳이 오라클파크. 두번째 363ft(약111m)짜리는 말할것도 없고  오라클파크는 왼손타자가 홈런치기 정말 힘든 구장.,DzESgrdXK7U
@주홍이-b6d,3,중계방송 보면서 스리런 홈런칠때 진짜 소름 돋았슴.  생방으로 본 사람이 승자임 이정후 나이쏴 ~~~..ㅋㅋㅋ,DzESgrdXK7U
@Simsim20242,2,축구는손흥민 야구는 이정후 대한민국 만세다,DzESgrdXK7U
@jyy1497,2,뉴욕의손자 개웃기네😂😂,DzESgrdXK7U
@littletane,621,귀촌생활 종료 아님! 전 도시로 가는 게 아니라 다른 시골집을 찾아 이사갈 예정입니다😊,qBEyOXNVSkg
@류종숙-v5c,12,아름다운 목소리  들을수록 더감미롭다😅 멋쟁이  ❤❤❤❤,qBEyOXNVSkg
@Dalgona-y9d,6,노래 왤캐 좋아요.~ 반복 듣고 있어요.👍,qBEyOXNVSkg
@탄탄대로-r3b,4,두 분 목소리도 매력~~~ 사람을 평안하게 한다~~~,qBEyOXNVSkg
@보리향-v5n,3,산소같은~ 동화같은~ 젊은 님들이었는데... 꿈을 따라~ 어여쁜 세상에  날개 펼치리라...,qBEyOXNVSkg
@징징이-r3g,3,이사라니.. 시원 섭섭 하시겠어요ㅠ 저도 며칠전 이사했는데 보통일이 아니죠.. 아프시지않게 몸 관리 잘하셔요~,qBEyOXNVSkg
@orchidcountry474,3,가끔씩 찿아와 삶을 찬탄하곤 했답니다. 이젠 Good bye my yesterday,qBEyOXNVSkg
@moon-mw5vv,3,새로운 이사와 도전을 응원합니다. 미국에서요.ㅎㅎ,qBEyOXNVSkg
@hori-o5j,2,아니 타네님   음원 무엇입니까? 가사 너무좋아요!!  다른 곳으로 이사하신다니  더 좋은곳으로 가시는 거겠죠? 그곳에서도 즐거운일이 많았으면 좋겠습니다!! 항상 응원하겠습니다♡♡♡,qBEyOXNVSkg
@호호호84,2,이사전부터 봐왔던 리틀타네님 4년이 지났다는거에 놀라고 갑니다 😂  저렇게 열심히 가꾸고 떠나는 마음은 어떤 마음인지 아파트 떠나도 한참 아쉬웠는데..  새집에서 두분 더 행복하시길~~!!,qBEyOXNVSkg
@bee-im8wv,2,타네님 인급동 21위예요 ㄷㄷ 짱.......,qBEyOXNVSkg
@상록수-f7e,2,변화는 순리입니다~ 건강하고 행복한  일상을 응원드립니다 ❤,qBEyOXNVSkg
@mindset-d4i,1,음악이 좀…슬퍼요.,qBEyOXNVSkg
@포에버락,1,늘 잔잔히 음성과 마음 맑아지는 ... 아껴서 보는 리틀타네님 영상 입니다...   본인도 이사 가는데.. 길고양이 밥은 누가 주나... 세마리 정도가 사료를 먹고 있는데..,qBEyOXNVSkg
@hillwithoaks2447,1,꼭 귀촌에 성공하셔서 많은 분들께 희망이 되길 기원합니다~,qBEyOXNVSkg
@코스모스-c2r,1,님 성공하세요 ㅎ,qBEyOXNVSkg
@김명희-b1b,1,좋은 영상과 글 저의 마음을 달래주었어요. 60대를 접어든 내가 딸둘을 낳은 내가  이 영상을 보면서 휠링하고 위로 받고 했는데... 더 좋은 영상과 스토리 텔링을 기대해봅니다.,qBEyOXNVSkg
@koiryu4522,1,노래 들으러 온사람? ✋,qBEyOXNVSkg
@금강사무각,1,우리 모두 응원합니다 나무아미타불 관세음보살 우리 모두 깨달아서 지혜롭게 행하며 아름답게 진실되게 살아요 그러면 만사형통 합니다 감사합니다,qBEyOXNVSkg
@멸공-j6l,1,시골이라도 되도록이면 종합병원이 가까운데로 가시는게 좋더라구요 귀촌하면서 평생 평생하시는데..어차피 나이들고 아프면 의지할곳은 병원입니다. 그때되면 10km거리도 멀게 느껴지실거고  그렇다면? 좀더 가까운데로 또 이사를 가게될겁니다,qBEyOXNVSkg
@Nebda_Hi,411,6:57 ‘아빠 큰누나야 알앗지???’ ‘아빠 빅걸이야 알앗지???’ ㅋㅌㅌㅋㅌ 평소 헬렌 현규가 카야라니에게 해주던 말을 라니가 해주는게 너무 웃기고 귀여움 ㅋㅋㅋ쿠ㅠㅜㅜㅜㅜㅜㅜ,dxCWwhY9TPQ
@cominghometoolate,151,17:17 open your eyes여서 눈 열어도 되냐는 카야 너무 귀엽다 👀ㅋㅋㅋㅋㅋㅋㅋㅋㅋㅋㅋㅋㅋㅋㅋㅋㅋ,dxCWwhY9TPQ
@dghjuurlo,24,21:45 라니 물 웅덩이에 빠지지말라고 손잡아주는 짱멋진 빅시스터 카야언니랑 아가 라니코 모먼트 영상 7번째 정주행중에  발견했어요,dxCWwhY9TPQ
@user-dd6qt6uf3o,21,아빠 보고 Big girl이야 이러는 거 ㅜㅜ ㅋㅋㅋㅋㅋㅋㅋㅋㅋㅋㅋㅋㅋㅋㅋㅋ 귀여워 진짜,dxCWwhY9TPQ
@jungwookim-z4l,18,16:17 그렇게 맛있었냐고 라니얔ㅋㅋㅋㅋㅋㅋㅋ 으잉 귀요미 ㅠㅠㅠ,dxCWwhY9TPQ
@얌얌긋-v2x,17,25:06 헬렌이랑 2:20 카야 똑닮았자나ㅠㅠㅠㅠㅠ🩵🩵,dxCWwhY9TPQ
@Delicate_0,17,현규 볼때마다 진짜 좋은사람같음,dxCWwhY9TPQ
@sourjelly-r8w,13,와오 캥거루 보니까 진짜 호주 같아요ㄷㄷㄷ근데 카이가 볼수록 진지하고 근엄한 카야 같아서 나올 때마다 웃음나요ㅋㅋㅋㅋ쏘큩…,dxCWwhY9TPQ
@kamkam1682_,13,6:55 알았지 라니  18:58 순수애기라니 24:02 카야 안경 너모 잘어울린다🤓,dxCWwhY9TPQ
@잎-j9n,12,싸이클론이 사람이나 동물인줄 알고 조언해주는 라니 진짜 귀여워 미쳐,dxCWwhY9TPQ
@민궁둥-w7l,12,자취생인데 밥 먹을 때나 공부할 때 틀어놓고 있으면 이 집의 일원이 된 것 같아서 좋아요ㅋㅋㅎㅋㅎㅋㅎ호주 생할 찍먹하는 느낌,dxCWwhY9TPQ
@minseokim1,11,24:40 캥거루 수영장에 철푸덕 빠지는 거 넘무웃갸요…,dxCWwhY9TPQ
@dan9492,10,6:44 sharing is caring 티셔츠 넘 귀엽다... 갖구 싶다...😢😢😂😂 라니 애기 때 맞는 사이즈 없어서 헬렌님이 수선하신 거 떠오르네!! 라니는 이제 어린이 사이즈가 맞구나 귀여워잉,dxCWwhY9TPQ
@정코,8,아.. 막 어릴적 다같이 이불깔고 자던 감성 생각나고~ 너무너무 재밌다❤,dxCWwhY9TPQ
@정코,6,🔥라니의 말대꾸🔥 11:35 (째려보다가) 아이스크림 😂 14:14 엄마도 나가지마라,dxCWwhY9TPQ
@yuyhuhyaam,6,7:18 lani ko~~~~~ㅠㅠㅠ 태풍이 사람이라고 생각한다니 진짜 너무 귀엽잖아ㅠㅠㅠ🥹🩵🩵🩵 6:14,dxCWwhY9TPQ
@이나-v4u,6,11:15 전등이 빵끗거린다는 표현이 왤케 귀여워..❤,dxCWwhY9TPQ
@정코,6,17:44 진짜 라니같다 ㅋ 지난번 축구옷 선물 받았을 때랑 티니핑 인형 받고 좋아서 볼에 부비는 모습이 떠오름 ㅋㅋ,dxCWwhY9TPQ
@장곰-o1y,6,13:42 찡찡이 라니가 어느새 누나 노릇하구 있넹.. 이모 눈엔 너무나 카야두 라니두 너무나 아가다 😍,dxCWwhY9TPQ
@산들거리는,5,이번 영상에서 헬렌 살이 많이 빠져보이는 것 같은 느낌..!! 신생아 육아 병행하다보니 살이 많이 빠지신 걸까요?🥲 이미 잘 하고 계시겠지만 우리 헬렌 맛있는 거 많이 드시고 건강하셔요💪💪아자아쟈!!!💖,dxCWwhY9TPQ
@i9금d야6뎡모음MD5,33,꼬질꼬질해 질 때까지 놀고 집에 들어온 사내아이 같아 귀엽다 ㅋㅋ 영상 내용은 항상 그렇지 뭐야  감사해요~!!!,FYnO57C2KSs
@마리아-i2y,6,와아...60만 🎉이당  드디어 60 🎉을 보네 울따거 ❤빨리 백만 가자 🎉,FYnO57C2KSs
@RanHell_07,6,난 따거님 영상 좋아하는게 저렇게 현지인들이나 같은 여행객들과 편하게 얘기하는게 너무 좋음.. 외국어를 엄청 잘 해도 낯선 사람과 말하는게 쉽지 않은건데 저렇게 먼저 말걸고 얘기를 계속 이어나가고 하는게 참 좋음,FYnO57C2KSs
@nickjoe-zj4jl,4,헤어질때 할아버지가 엄청 아쉬워하시네 ㅎㅎㅎ,FYnO57C2KSs
@gy5536,3,할아버지 한국이라하자마자 출산율 언급 ㅋ큐ㅠㅠ,FYnO57C2KSs
@dr.sungTV,3,노팅엄에서 왔다고 하면 로빈후드라고 했어야 이야기가 더 재미있었을텐데,FYnO57C2KSs
@TheDorike,3,축 육십만   !  ! !,FYnO57C2KSs
@vheelog3400,2,웨일즈의 왕자 따거상 되겠습니다는 도대체 몇개국어인가요ㅋㅋㅋㅋ,FYnO57C2KSs
@sky-gl4kf,2,요즘 진심 여행유튜브 따거님꺼만 끝까지 봄,FYnO57C2KSs
@이승현-e2s3r,2,50대 구독자입니다. 각 세대간의 감정은 모두 다르겠지만 공통적인 것은 우리 모두가 겪어 온 것들이고 앞으로 닥칠 미래의 시간들이라는 거죠. 백발의 수수한 어르신의 풍모 속에서 처절하고 너무 커다란 적막과 외로움을 느끼는 건 왜일까요? 세월의 크기만큼 공허함이 크지 않길 바랄 뿐입니다. 두 분의 대화 속에서 따뜻한 위로와 감동을 받습니다. 더늦기 전에 여행을 가야지 싶네요.,FYnO57C2KSs
@브람스-n6f,2,영국 여러 지역을 볼 수 있어서 너무 좋습니다~,FYnO57C2KSs
@Travelcoffeetoday,2,60만 축하해요🎉👍,FYnO57C2KSs
@ShYu-v2l,2,따거 60만 🎉👏,FYnO57C2KSs
@싱이월드,2,멸공 으로 경례구호 바꿔줭,FYnO57C2KSs
@Sing_4505,2,와 영어 더 잘해지셧네,FYnO57C2KSs
@012crucify,2,영어가 영국식으로 바뀌셨네요. 엘리트라 그런가 여행에 깊이가 있고 고퀄이에요. 할아버지랑 나눈 대화도 너무좋네요🎉,FYnO57C2KSs
@전진우-n8f,2,따거 언어 습득속도 지린다....,FYnO57C2KSs
@berbatov8111,2,짱ㄲㅔ국 여행 콘텐츠 안해서 좋다~,FYnO57C2KSs
@clearlove6063,2,흘랜바이어푸흘귄기흘고게러훠른드러부흘흘란터실리오고고고흐,FYnO57C2KSs
@sgpark5579,2,세상에서  이름이  가장긴  도시는 방콕 (참고로  방콕은  줄임단어  월래는 수백단어) 심지어  태국 락그룹이  방콕 이름으로  노래도  불렀음    ㅋㅋ,FYnO57C2KSs
@NEW_I9X_티슐랭_에디션,1189,맨날 다르게하는데 대박적이라고 느껴짐!,FdUYctnqlXQ
@im_dummy1,2,숏박스 진짜 언제봐도 재밌어ㅋㅋㅋ,FdUYctnqlXQ
@naa2108,1,아 못보겠다 진짜,FdUYctnqlXQ
@user-bfuenwm17mcnej,1,5:44 바지 내리는거 ㅆㅂㅋㅋㅋㅋㅋㅋㅋㅋㅋㅋㅋ,FdUYctnqlXQ
@hm-et5zj,1,결국 프로포즈하고 결혼햇네 ,FdUYctnqlXQ
@dhisrh,1,5:10 이장면 여신강림에 나왔던건데ㅋㅋㅋㅋ 어쩐지 익숙하더라니ㅋㅋ,FdUYctnqlXQ
@코코-v7s2m,1,집안에서 슬라이딩하면서 뛰다니는거 ㅋㅋㅋㅋㅋㅋㅋㅋㅋㅋㅋㅅ갸공감,FdUYctnqlXQ
@T1_siyhyeon,1,저거 끝나고 둘이 토하는거 아니냐,FdUYctnqlXQ
@eis2323,1,남친 잘만났네 엄마 반응도 저정도면 진짜 열려있는집이네,FdUYctnqlXQ
@queen_habibi,1,자자 이제 초기연애부터 장기연애까지 결혼도 했으니 신혼부부나 육아하는 스토리 가주시죠….,FdUYctnqlXQ
@나락진,1,밥먹으면서 보는데 보기좀 힘들어요,FdUYctnqlXQ
@tissuemoon,1,k장녀라서 현관문앞 방쓰는 디테일ㅋㄹㄹㅋㅎㅋㅎㅋㅎㅎㅋㅎ,FdUYctnqlXQ
@cizgee1,1,8:14 진짜 장기연애하고 결혼 ㅠㅠㅠ,FdUYctnqlXQ
@cokney6465,1,아진짜 넘 ㅈ같으면서 설렘…,FdUYctnqlXQ
@뭐하숭,1,4:29 아 ㅋㅋㅋㅋㅋㅋㅋㅋㅋㅋㅋㅋㅋㅋㅋㅋㅋㅋ 저 시절 모든 여학생들은 명찰이 두 개였음 본인꺼 엑소꺼,FdUYctnqlXQ
@acceptgod1300,1,저러다가 모텔가서 엽떡 시켜먹게 된거임?,FdUYctnqlXQ
@보리-x4k,1,저렇게 당당해야 이뿌지 ㅎㅎ 이뿌다 이뻐 ~,FdUYctnqlXQ
@배민혜-w1q,1,안녕하세요! 저는 기술 시간 과제로 선플 달기 운동에 참여 하게 된 학생입니다! 원래도 자주 연애 시리즈 영상을 릴스로 봐왔는데 초기연애 시리즈 영상에 선플 달기 운동을 하면 제일 좋을 것 같아서 댓글 달아요! 다른 프로그램이나 다른 영상 봤을 때도 연기 잘하시는 건 느꼈는데 와 이 영상에서는 연애를 못하는 저 대신 연애를 해주시는 줄 알았어요😅 소름 돋을 정도로 싱크로율 100%이네요. 특히 원훈님은 킹받아욯ㅎ 장난이고 그만큼 디테일 하다는 말입니당ㅎㅎ 그리고 장기연애 시리즈와 초기연애 시리즈도 많이 만들어 주시고 앞으로도 이런 좋은 영상 많이많이 만들어주세용!!!ㅎㅎ,FdUYctnqlXQ
@쉬운연애피티,1,하... 진짜 짜증나는데 웃고있는 내가 더 짜증남 ㅋㅋㅋㅋㅋㅋㅋㅋ 약간 친형제 연애직관느낌 ㅋㅋㅋㅋㅋㅋㅋㅋㅋ 좋아요 누르고갑니다,FdUYctnqlXQ
@김현우-z5g9t,0,4분30초나 버티긴 했어,FdUYctnqlXQ
@함께해요_맛나요리,35,💚한정판매 항암 맛나된장 출시:   https://mannarecipe.com/surl/P/492 이 링크를 눌러서 들어가셔서 구입하시면 됩니다. 아니면 링크를 눌러서 들어가시면 오른쪽 하단에 노란색 사각형으로 주문상담이 있는데 그것을 누르시면 카톡으로 주문하실 수 있습니다. 잘 안되시면 다시 문자 보내주세요,d9mZ_md-XdE
@김숙정-t4y,27,종이호일   보다   비닐백에 굵은소금 넣어서  펼쳐 덮어도 곰팡이 방지에 좋더라고요 ᆢ^^,d9mZ_md-XdE
@임태연-z2f,22,다시마  덥개가  제일좋아요,d9mZ_md-XdE
@김숙정-t4y,22,좋은정보 감사합니다!🎉  된장찌개 끓인후 마지막에 소주 한 수저 넣고  한소끔 끓이면 잡내랑 떫은맛이 덜하고 맛있어요.❤,d9mZ_md-XdE
@권춘란-q6k,12,잘배웠어요 감사합니다~,d9mZ_md-XdE
@진미정-c9n,12,오!!!완전 꿀팁이네여,d9mZ_md-XdE
@매화나무-m2g,12,잘봤습니다~~,d9mZ_md-XdE
@노경수-e4h,11,좋은  말씀   솜씨  감사합니다,d9mZ_md-XdE
@조신자조신자,10,맞아요 메주가루와 소금으로 간을 맞추어도 색상이 노랗게 되어 숙성하면 아주 맛있습니다,d9mZ_md-XdE
@올땡큐,10,오~어떤 요리든 한방에 해결하는 지혜로운 맛나요리사님 ~~최고입니다 ❤❤❤❤❤❤❤,d9mZ_md-XdE
@김수희-x3k,10,좋은정보 감사합니다.😮😮😮❤❤❤,d9mZ_md-XdE
@이순희-l2z,8,잔 된장가를때 보리밥 해서 식혜하듯 엿질금물에 삭혀서 된장에 섞습니다 오랫동안 해온 방식이라. 된장이 떫지않고 달콤해요.,d9mZ_md-XdE
@tv-bq4hf,8,와. 좋은. 꿀팁. 배우고. 갑니다 행복한. 휴일. 되세요❤❤❤,d9mZ_md-XdE
@백애임-v5x,8,오모 ㅡㅡ나 꿀팀 감사합니다 알뜰하게 배워갑니다 오늘도 너무 감사합니다 🌸💯🌽🍒🍓🍀🍍,d9mZ_md-XdE
@잭더리펴-k4b3y,7,항상잘보고 갑니다  출석 행복한 토요일 보내세욤`(*>﹏<*)′`(*>﹏<*)′,d9mZ_md-XdE
@진미정-c9n,7,고추씨가 방부제 역할을 해주는군요,d9mZ_md-XdE
@판다사랑-u8j,6,저희집된장이 까메졌는데 꼭해봐야겠네요,d9mZ_md-XdE
@잭더리펴-k4b3y,6,함께해요 맛나요리 님    남편  아들 딸  할머니 할아버지  좋아하는 음식  입니다 소중한된장 만들기!레시피 감사합니다     함께해요맛나요리님  감기항상조심 하시고요 봄바람 살짝 부네요 항상  함께해요  맛나요리님가족들이랑 같이  몸건강하시도요   항상가족들이랑 같이 무조건 1년 한번식  건강검진 꼭받으세요  몸은 소중하니까요  즐거운 토요일 보내세요,d9mZ_md-XdE
@수현농장백구포도,6,안녕하세요 응원합니다,d9mZ_md-XdE
@양경자-q5t,5,계절이 더울때는 김치냉장고에 넣어두면 안전합니다,d9mZ_md-XdE
@heyoungkim-ut4zo,467,우리 아들 우리 며느리 결혼축하한다 알콩달콩 잘 살아라❤ 이쁘고 현명하고  엄마한테  살갑게 대하고 집밥 좋아라해서 집밥 잘 챙겨먹고 어린나이지만  여러가지로 잘해줘서  고마워^^  내 며느리로 와줘서 고맙다 ㅇㄴ야 사랑한다 우리 아들 며느리❤❤❤,s04lXW6EhmU
@s-sj3vp,137,와 사람들 보는눈이 다 똑같네 ㅋㅋㅋㅋㅋㅋ 신기하다 화법이랑 말투 손버릇까지 어떤스타일인지 알꺼같고 보는 내내 기빨린다 ㅋㅋ 그래도 행복하길,s04lXW6EhmU
@lowebeee,67,발차기가 충격이라 다시봄...진짜 영상 두번 돌려본건 옥탑방 말고 이게 처음,s04lXW6EhmU
@콘티키-p5t,63,헐~이 이거 신혼 여행 맞는 거거죠?😢,s04lXW6EhmU
@giannie2022,59,말투가 ㅎㅎ 아 피곤해  손도 왜케 거칠어요..나 체코제님 맞는거 보러온거 아닌데,s04lXW6EhmU
@JM-yp5nk,36,아내분이 말을 예쁘게하는 법을 잘 모르시는듯 😂,s04lXW6EhmU
@없음-w6o8u,35,구독자수가 늘기는커녕 오히려 줄어들고 있으니 부부 함께 출연 유툽은 마이너스인것 같네요 채코제님이 잘 판단하시길,s04lXW6EhmU
@전선영-t8h,34,존댓말 까지는 아니지만 열 살 넘게 차이 나는 신혼부부의 대화라는게ㅠ  오래된 팬 입니다  체코제님 존중 해주세요😊,s04lXW6EhmU
@bellapark4013,32,미안해요 이번 영상처럼 보기 힘든 영상은 처음이었어요…  나 채코제 한테 진심이었나봐,s04lXW6EhmU
@복동-t6c,31,영상 모두 챙겨봐왔던 팬인데 남편에대한 예의와 존중이 없고 좀 안타깝네요   왜….😢,s04lXW6EhmU
@panghee2636,31,우리 체코제님 아껴주세요!!!!!!구독자로서 많이 속상해😢😢😢😢,s04lXW6EhmU
@신현미-x4s,28,다들 느끼는건 똑 같은가 봅니다. 신부가 어려서 그런지 좀~~~ 말투에 버릇이 ~~부부라도 서로 존중하는 맘이 있어야 합니다.,s04lXW6EhmU
@Yeon__cloth,27,이게 뭐지....,s04lXW6EhmU
@ghee96,27,확실히 그동안 제가 알던 체코제 여행 감성은 아니네요,s04lXW6EhmU
@가을타는토토로,26,솔직히 두 분도 잘어울리신 하지만 원지 채코제 비지니스 커플 영상마다 뛰던 심장이 멈춰벌임……신혼의 설렘 기대했는데……🥹,s04lXW6EhmU
@ghdwn4812,22,꿀떨어지는  느낌이   안나는  느낌?   연애도    오래  안한것 같은뎅,s04lXW6EhmU
@영진-q3s,22,음ᆢ달달심장뛰겠지 ~하고 맘먹고 봤는데~   비즈니스  커플때 뛰던맘이  뭐지? 진짜 커플  신혼여행에서 안뛰네ᆢㅎ,s04lXW6EhmU
@rurubbo,19,진짜 팬이라면 이런 단편적인 영상 하나에 남편을 존중 해라마라  구독을 취소하네 어쩌네 하지 않음 .   인급동으로 타고온 어중이 떠중이나 방구석에서 할일없어 누구 까내리것 밖에 못하는 찌질이들 뿐. 인생들 참 피곤하게 산다. 연애 결혼은 해보고 그러는지  발차기 발차기 하도 유난이길래 보니 영어로 말하는 중 민망하니까 순간 당황해서 나온거구만 ..  난 무슨 날라차기라도 한줄 난 오히려 마트에서 쌀과자 단것보다 짠게 소주랑 어울리지 않냐는 신부 반문에  귀닫고 쌀과자만 외치는 체코제보고 복장터질뻔,s04lXW6EhmU
@yc2948,19,여자분 좀더 다정히 말씀해주시면 좋을것같네요.. 행복하시길 바랍니다,s04lXW6EhmU
@dkfjg-d7g,18,발길질을 하든말든 당사자 둘이 문제없고 기분안나쁘다는데 뭔 불편러들이 이렇게 많은지. 정작 본인들은 시어머니가 잔소리 한마디라도 하면 부르르할 인간들이 어떻게 저렇게 기분나쁜 시누이짓을 아무렇지도 않게  할수 있는지 의문이다. 진짜 인류애가 떨어지네. 정말로 이 두사람을 아끼고 잘살기를 바라는 사람들은 저런 참견 함부로 못합니다. 신경쓰지마세요,s04lXW6EhmU
@sujinkim7810,44,10:30 선녀 알고있눈거 아니였나예. 선녀 한녀스타일은 아니다예 화장 옷 스타일 전부 다 확신의 존예 청순큐티 중녀 스타일이다예. 여루랑 삼투압으로 서로 희석되고있음.,4L3CQ1xt9gc
@깅곡찌,43,여루 없이도 조회수 잘나오는 거봐 그냥 영상이 재미진거야 ~~,4L3CQ1xt9gc
@Sevimli-p9b,7,동생 다이어트 방법 존버합니더  ,4L3CQ1xt9gc
@do2514,5,역시 딸 둘집이라 그런지 분위기 너무 좋네요ㅠㅜ 보장만 된다면 바로 낳고 싶다..딸 둘ㅠㅠㅠ,4L3CQ1xt9gc
@user-ss2bv8vo9j,4,오늘 단오님을 보며 우리집 언니가 떠올랐습니다   우리집 효도여행할때 언니의 표정과 똑같아요    케이 장녀의 빡침과 상냥함   동생은 그저 웃습니다 언니의 평화를 위해,4L3CQ1xt9gc
@GameMini-g4p,4,아왜이렇게 웃기고 재밌지😂😂😂,4L3CQ1xt9gc
@뽀용뽀용-x3w,4,15:20 개인적인 힐링 모먼트 💦❤️ 손을 흔들라는 미션을 완수하시고(?) 동시에 잠수하시는 부모님 넘 귀여우심 ㅠㅠ ㅋㅋㅋㅋㅋㅋㅋㅋㅋ,4L3CQ1xt9gc
@user-theirlastbanana,4,인급동 콩그레츄레이션🌹,4L3CQ1xt9gc
@포포-k8h,3,너무 예븜… 어케 예쁜 여자들이 한가정에 이리 많을수 있나예… 마지막 가족 사진 단오 너무 귀여워,4L3CQ1xt9gc
@juuuujan,3,ㅋㅋㅋㅋㅋㅋㅋ선녀 두자매중 언니인 나랑 가족여행하는 레파토리가 넘 똑같아서 개욱기고 나도 추억여행한바가지해서 넘나 기분좋다,4L3CQ1xt9gc
@Oilioioioioooiiiiooioio,3,단오네 가족여행인데 당연히 왕권 씨 껴 있을 줄 알았던 1인… ㅋㅋㅋㅋㅋㅋㅋㅋ,4L3CQ1xt9gc
@구동동-i8x,3,선녀의 장녀 모먼트….내가 이렇게 귀한 모습을 공짜로 봐도될까….? 진심 야무지고 사랑스러워서 나 어떡해….ㅜㅜㅜㅜㅜㅜ,4L3CQ1xt9gc
@user-t715,2,공공장소에서 카메라 굳이굳이 찍는것도 대단하당…. 모자이크할거라고 미리 당부하는거같지도않은데… 저런사람 주변에있으면 엄청 불편함. 내엏굴나올까봐;;,4L3CQ1xt9gc
@dkdldjdrop,2,동생분 뼈대얇고 목 길쭉한거봐.. 공주다공주,4L3CQ1xt9gc
@힣흫헿홓핳,2,10:27 작은 선녀 원피스 정보좀요ㅠㅠㅠㅠㅠㅠㅈㅂㅈㅂ,4L3CQ1xt9gc
@정서윤-c2h,2,아 가족이 다 개그맨이야 ㅋㅋㅋㅋㅋㅋㅋㅋㅋㅋ츠츠츠 넘 웃기다예 😂😂😂😂😂😂,4L3CQ1xt9gc
@usahana-b5p,2,선녀 가족여행 웃으면서 가이드하는것 너무 보기 좋음ㅠㅠㅠ그러기 쉽지않은데 정말 효녀잔아...나트랑 가족끼리 가기 딱좋은데 간것도 넘 부럽다아 좋은 시간 보냈길🥹🥹,4L3CQ1xt9gc
@NjN-hx6sw,2,14:47 제가 지원해도 될까요?,4L3CQ1xt9gc
@Yyy-yl3pf,2,선녀 왤케 얼굴이 조막만해졌지 다이어트 완전성공했나벼 살이 쪽 빠졌네!,4L3CQ1xt9gc
@엥-o8q,2,우리에겐 제시카 크리스탈을 능가하는! 자매 선녀들이 있닥 ^.^ 💗 쌰갈 존나게 아름다워,4L3CQ1xt9gc
@Joy-bt9ns,36,0:17 하슬님 이렇게 훅 들어오시면 어떡해요 심장 놀래라(심쿵),E7BLNomd4gg
@응-o6l7o,24,3:34 이럴줄 알았다 구속하라,E7BLNomd4gg
@정홍균-h5q,9,하슬이 완전 귀엽다.,E7BLNomd4gg
@bulklord62,8,역시 재밌네요ㅎㅎ 감사합니다 다음 편도 기다릴게요,E7BLNomd4gg
@Roadto6star,7,성준이가 저런 몰카 했으면 장난을 뭐 이런걸 치냐고 또 한동안 분위기 엄청 무겁게 잡혔을듯 ㅋㅋㅋㅋㅋ,E7BLNomd4gg
@tanqueraygin7001,6,커플유튜브가 아니라 조지기 컨텐츠잖아ㅋㅌㅌㅌ,E7BLNomd4gg
@이상민-y6q,5,민방위 6년차 1시간 온라인 교육 받고왔는데 갑자기 성준님이 생각나더군요. 성준님도 민방위 6년차 교육 잘 받으십시오! 😊,E7BLNomd4gg
@M씽가,5,하슬님 몇 일 전에 여의도에서 봤는데 너무 예쁘시고 얼굴도 작으시고 너무너무 연예인 같았어요! 혹시 피해 드릴까봐 아는체는 못했지만 항상 응원합니다!^^,E7BLNomd4gg
@김성철-n9o,5,만우절때 했어야지요~!! 두분 화해하고 벚꽃🌸 구경하러가시요,E7BLNomd4gg
@염철민-l6e,4,기다린 만큼 너무 재밌었어요!! 앞으로도 재밌는 영상 기대하겠습니다😊😊,E7BLNomd4gg
@백승온-k3z,4,웃기시네 잘보고갑니다,E7BLNomd4gg
@로발브-m4d,3,1편부터 지금 까지 정주행 했다,E7BLNomd4gg
@해산물-w8t,3,하슬이 너무 귀엽당,E7BLNomd4gg
@문내공,3,2:35 이거 그냥 임기응변아닌가요?,E7BLNomd4gg
@사각사각-m6u,3,난 왜 이걸 67만일때 알았을까 웃기시네 잔나 잼있어 😅,E7BLNomd4gg
@이상민-y6q,3,하슬이 빵빠레 특히 짜파게티 CF찍으면 다 성준님 덕분으로 알고있겠음ㅋㅋㅋㅋㅋ,E7BLNomd4gg
@정현민-o6y,3,재미있게 잘봤습니다,E7BLNomd4gg
@tlias,3,하슬누나 슥 가리고 웃고있네  어쩜 저렇게 상큼하지? ..♡,E7BLNomd4gg
@mating_season,3,하슬이 누나 진짜 계속 봐도 계속 이쁘시네,E7BLNomd4gg
@끼요오오오오,2,채널도  몰카야?,E7BLNomd4gg
@한니발HAN,12,재영님 다음부터 컨텐츠 할때는 출연자와 출연계약서를 꼭 작성하세요. 1얼마를 댓가로 받고 이 컨텐츠 동영상에 출연을 한다. 2촬영본의 소유권은 오로지 고재영이며 출연자는 소유권자에게 동영상에 관해서 삭제 및 편집 및 초상권에 대한 권리에 대하여 절대로 요구를 할수 없다. 이 두 조항은 반드시 들어가야 합니다.,iay-9RIHgnQ
@user-M835-q8d,4,나는 택시영상 첨 봐서 신선했음 ㅋㅋㅋ예전에 올렸다가 지운거구나,iay-9RIHgnQ
@우라아-u9d,4,그전 택시기사 팁도 다 받고 영상 내려달라고 어휴 늙은 노친내,iay-9RIHgnQ
@sdfkkk,2,20살 대학생때 같은 동아리했는데  술마시고 노는게 운동하는것보다 재밌어서 동아리 활동 참여를 거의 안했습니다. 그때 재영님이 개인적으로 말씀을 해주셨는데  그때 재영님이 20대 초중반 이였지만 '이사람은 진짜 어른이다' 라고 생각들만큼 정중하게  그리고 성인으로서 갓 성인이된 저에게 사회생활을 하는법을 알려주신 분입니다. 그때 이사람은 다른 선배들이랑 다르다 라고 생각했는데 제 생각이 틀리지 않은거같아 기쁘네요ㅎㅎ 형님처럼 멋진분이 좋은 세상 만드는겁니다. 응원하겠습니다!,iay-9RIHgnQ
@ive1young,2,고윤정과 고재영은 취향차이,iay-9RIHgnQ
@VAR판독기,2,12:46 "고재영은 다시 돌아온다",iay-9RIHgnQ
@abcde123f,2,영덕대게 라면은 “이미지와 다를 수 있습니다”가 아니고 그냥 ”이미지와 다릅니다“잖아ㅋㅋ,iay-9RIHgnQ
@chris-i3r1s,2,안녕하세요 영덕 영해에 실거주하고있는사람입니다 저건 과장된게맞고 영덕대게가아니라 홍게 파지(상품가치없는상품) 인거같습니다 무슨 눈탱이씌우는것도아니고 지방망신다시키네요 저러건하지말아야지될텐데.. 그런데 파지라도 11000원이라면 비싼건아니지만 팔지말았어야된거네요 이미 영덕대게가아닌 홍게를 집어넣고 팔았으니요 제가다 부끄럽네요 그래요 영덕에 다 저런곳만있는거아니니 제철에 영덕대게 많이많이 드셔주세요 그리고 올해는 영덕대게가 안잡혀요 내년도 그럴지 모르겠지만 환경이상기후로 잘잡히지않네요 그리고 영덕은 지금 불지옥에서 모든곳이 초토화되어있습니다 많은 도움주신분들도 감사하지만 어렵게 촬영된건데 이런일이 일어나서 참으로 안타깝네요,iay-9RIHgnQ
@AB-jp8zb,2,무인도 기대됨,iay-9RIHgnQ
@동건이-k2i,2,다음 영상: 자 이번엔 택시를 타고 러시아를 한바퀴 돌아보겠습니다. 택시비는 과연 얼마가 나올까요?,iay-9RIHgnQ
@한재영-r9y,1,택시를 엄청많이 타고다니는데 전국을 한바퀴 돌아볼 생각은 못해봤는데. 대리만족 ㅎ 남해가 고향인지라 서울에서 남해는 택시타고 몇번가봤는데  영상 잘 봤습니다,iay-9RIHgnQ
@astronomy-q5x,1,무인도 2? ㅋㅋㅋㅋㅋ,iay-9RIHgnQ
@QpwoeirirituyWpwoeie-g5k,1,택시타고 한바퀴를 돌다니 참 대단하다.,iay-9RIHgnQ
@LaCodileClimbing,1,운전이 진짜 힘든일인데 이런건즐기실듯😅,iay-9RIHgnQ
@Uni-m9u,1,마지막에 팁 챙겨 주시는거 보고 제가 다 감동이내요 잘봤습니다,iay-9RIHgnQ
@유닝-w7h,1,아니 엊그제 구독자 10만 조금 안됐는데 벌써 100만이 코앞이너?,iay-9RIHgnQ
@mingiamy,1,안녕하세요! 저는 중학교 2학년 도덕 수업 과제로 선플 달기 챌린지에 참여하게 된 둔촌중학교2 학년 학생입니다  저는 최근 우연히 유튜브에서 고재영님의 영상을 보고 고재영님을 알게 되었는데 택시로 대한민국을 일주하는 이 영상처럼 직접 하기 힘든 도전들을 하시는것이 존경스럽고 이런 도전을 하면서 새로운 친구를 사귀고 새로운 장소를 방문하는 것들을 보는것이 즐겁습니다. 항상 새로운 도전을 하시며 재미있는 영상을 만들어 주셔서 감사합니다!! 앞으로도 건강하게 오래오래 활동해 주셧으면 감사하겠습니다❤:),iay-9RIHgnQ
@whyrano-,1,와 노래방있는 택시 귀하다 개 낭만,iay-9RIHgnQ
@김딴추,1,의미있게 다음 컨텐츠는 부모님께 1주일동안 매일매일 편지써서 드리기나 진심을 담은 장문 써서 보내는 것 해주세요,iay-9RIHgnQ
@winyeop,1,그냥 택시가 아니라 친구랑 여행인데 ㅋㅋㅋ,iay-9RIHgnQ
